file_id,true_index_0,true_arrival_1,predicted_index_0,predicted_arrival_1,signed_error_ms,abs_error_ms,le2,le5,le10,cluster_num,peak_index_0,stable_count,valid_peak_count,kept_scale_count,success,status,stop_reason,message,unnamed
1,493,494,495,496,2,2,TRUE,TRUE,TRUE,4,499,1,1,99,TRUE,Reliable,unique_valid_peak,,226
2,332,333,336,337,4,4,FALSE,TRUE,TRUE,4,340,1,1,97,TRUE,Reliable,unique_valid_peak,,282
3,74,75,79,80,5,5,FALSE,TRUE,TRUE,4,82,1,1,92,TRUE,Reliable,unique_valid_peak,,144
4,496,497,499,500,3,3,FALSE,TRUE,TRUE,4,508,1,1,93,TRUE,Reliable,unique_valid_peak,,47
5,901,902,900,901,-1,1,TRUE,TRUE,TRUE,2,915,1,1,96,TRUE,Reliable,unique_valid_peak,,24
6,868,869,868,869,0,0,TRUE,TRUE,TRUE,3,872,1,1,98,TRUE,Reliable,unique_valid_peak,,17
7,956,957,957,958,1,1,TRUE,TRUE,TRUE,2,966,1,1,100,TRUE,Reliable,unique_valid_peak,,13
8,217,218,217,218,0,0,TRUE,TRUE,TRUE,3,220,1,1,99,TRUE,Reliable,unique_valid_peak,,18
9,614,615,612,613,-2,2,TRUE,TRUE,TRUE,2,622,1,1,100,TRUE,Reliable,unique_valid_peak,,41
10,34,35,34,35,0,0,TRUE,TRUE,TRUE,10,41,1,1,100,TRUE,Reliable,unique_valid_peak,,812
11,242,243,240,241,-2,2,TRUE,TRUE,TRUE,2,250,1,1,94,TRUE,Reliable,unique_valid_peak,,
12,688,689,686,687,-2,2,TRUE,TRUE,TRUE,2,696,1,1,100,TRUE,Reliable,unique_valid_peak,,
13,35,36,35,36,0,0,TRUE,TRUE,TRUE,9,38,2,1,93,TRUE,Reliable,unique_valid_peak,,
14,631,632,630,631,-1,1,TRUE,TRUE,TRUE,2,632,1,1,100,TRUE,Reliable,unique_valid_peak,,
15,933,934,931,932,-2,2,TRUE,TRUE,TRUE,2,933,1,1,97,TRUE,Reliable,unique_valid_peak,,
16,488,489,487,488,-1,1,TRUE,TRUE,TRUE,2,489,1,1,99,TRUE,Reliable,unique_valid_peak,,
17,210,211,208,209,-2,2,TRUE,TRUE,TRUE,2,210,1,1,100,TRUE,Reliable,unique_valid_peak,,
18,824,825,823,824,-1,1,TRUE,TRUE,TRUE,2,825,1,1,100,TRUE,Reliable,unique_valid_peak,,
19,576,577,576,577,0,0,TRUE,TRUE,TRUE,2,578,1,1,91,TRUE,Reliable,unique_valid_peak,,
20,551,552,549,550,-2,2,TRUE,TRUE,TRUE,2,559,1,1,96,TRUE,Reliable,unique_valid_peak,,
21,543,544,541,542,-2,2,TRUE,TRUE,TRUE,3,543,1,1,89,TRUE,Reliable,unique_valid_peak,,
22,488,489,486,487,-2,2,TRUE,TRUE,TRUE,2,496,1,1,94,TRUE,Reliable,unique_valid_peak,,
23,824,825,822,823,-2,2,TRUE,TRUE,TRUE,2,832,1,1,93,TRUE,Reliable,unique_valid_peak,,
24,56,57,54,55,-2,2,TRUE,TRUE,TRUE,3,56,1,1,93,TRUE,Reliable,unique_valid_peak,,
25,216,217,214,215,-2,2,TRUE,TRUE,TRUE,3,216,1,1,91,TRUE,Reliable,unique_valid_peak,,
26,512,513,511,512,-1,1,TRUE,TRUE,TRUE,3,513,1,1,83,TRUE,Reliable,unique_valid_peak,,
27,945,946,942,943,-3,3,FALSE,TRUE,TRUE,4,950,1,1,78,TRUE,Reliable,unique_valid_peak,,
28,352,353,351,352,-1,1,TRUE,TRUE,TRUE,4,353,1,1,99,TRUE,Reliable,unique_valid_peak,,
29,46,47,44,45,-2,2,TRUE,TRUE,TRUE,4,47,1,1,100,TRUE,Reliable,unique_valid_peak,,
30,46,47,43,44,-3,3,FALSE,TRUE,TRUE,4,46,1,1,100,TRUE,Reliable,unique_valid_peak,,
31,180,181,180,181,0,0,TRUE,TRUE,TRUE,4,187,1,1,99,TRUE,Reliable,unique_valid_peak,,
32,800,801,798,799,-2,2,TRUE,TRUE,TRUE,4,805,1,1,100,TRUE,Reliable,unique_valid_peak,,
33,335,336,334,335,-1,1,TRUE,TRUE,TRUE,4,343,1,1,99,TRUE,Reliable,unique_valid_peak,,
34,433,434,430,431,-3,3,FALSE,TRUE,TRUE,3,440,1,1,100,TRUE,Reliable,unique_valid_peak,,
35,939,940,936,937,-3,3,FALSE,TRUE,TRUE,2,946,1,1,100,TRUE,Reliable,unique_valid_peak,,
36,266,267,265,266,-1,1,TRUE,TRUE,TRUE,5,273,3,1,85,TRUE,Reliable,unique_valid_peak,,
37,891,892,888,889,-3,3,FALSE,TRUE,TRUE,2,898,1,1,99,TRUE,Reliable,unique_valid_peak,,
38,91,92,90,91,-1,1,TRUE,TRUE,TRUE,4,97,2,1,96,TRUE,Reliable,unique_valid_peak,,
39,941,942,938,939,-3,3,FALSE,TRUE,TRUE,4,940,1,1,65,TRUE,Reliable,unique_valid_peak,,
40,282,283,281,282,-1,1,TRUE,TRUE,TRUE,4,288,2,1,98,TRUE,Reliable,unique_valid_peak,,
41,252,253,252,253,0,0,TRUE,TRUE,TRUE,4,259,2,1,95,TRUE,Reliable,unique_valid_peak,,
42,344,345,344,345,0,0,TRUE,TRUE,TRUE,4,351,2,1,96,TRUE,Reliable,unique_valid_peak,,
43,286,287,285,286,-1,1,TRUE,TRUE,TRUE,3,286,1,1,100,TRUE,Reliable,unique_valid_peak,,
44,41,42,40,41,-1,1,TRUE,TRUE,TRUE,4,42,1,1,95,TRUE,Reliable,unique_valid_peak,,
45,383,384,382,383,-1,1,TRUE,TRUE,TRUE,3,390,2,1,93,TRUE,Reliable,unique_valid_peak,,
46,498,499,496,497,-2,2,TRUE,TRUE,TRUE,3,498,1,1,94,TRUE,Reliable,unique_valid_peak,,
47,140,141,138,139,-2,2,TRUE,TRUE,TRUE,3,147,1,1,90,TRUE,Reliable,unique_valid_peak,,
48,343,344,341,342,-2,2,TRUE,TRUE,TRUE,3,350,1,1,87,TRUE,Reliable,unique_valid_peak,,
49,263,264,263,264,0,0,TRUE,TRUE,TRUE,3,265,1,1,82,TRUE,Reliable,unique_valid_peak,,
50,549,550,547,548,-2,2,TRUE,TRUE,TRUE,4,556,2,1,96,TRUE,Reliable,unique_valid_peak,,
51,43,44,42,43,-1,1,TRUE,TRUE,TRUE,4,44,1,1,91,TRUE,Reliable,unique_valid_peak,,
52,954,955,952,953,-2,2,TRUE,TRUE,TRUE,2,962,1,1,83,TRUE,Reliable,unique_valid_peak,,
53,549,550,546,547,-3,3,FALSE,TRUE,TRUE,3,548,1,1,93,TRUE,Reliable,unique_valid_peak,,
54,116,117,116,117,0,0,TRUE,TRUE,TRUE,2,128,1,1,95,TRUE,Reliable,unique_valid_peak,,
55,580,581,584,585,4,4,FALSE,TRUE,TRUE,2,597,1,1,99,TRUE,Reliable,unique_valid_peak,,
56,450,451,448,449,-2,2,TRUE,TRUE,TRUE,2,453,1,1,99,TRUE,Reliable,unique_valid_peak,,
57,27,28,24,25,-3,3,FALSE,TRUE,TRUE,2,38,1,1,100,TRUE,Reliable,unique_valid_peak,,
58,157,158,154,155,-3,3,FALSE,TRUE,TRUE,2,158,1,1,99,TRUE,Reliable,unique_valid_peak,,
59,468,469,465,466,-3,3,FALSE,TRUE,TRUE,2,469,1,1,84,TRUE,Reliable,unique_valid_peak,,
60,377,378,374,375,-3,3,FALSE,TRUE,TRUE,2,378,1,1,99,TRUE,Reliable,unique_valid_peak,,
61,302,303,300,301,-2,2,TRUE,TRUE,TRUE,3,304,1,1,80,TRUE,Reliable,unique_valid_peak,,
62,199,200,200,201,1,1,TRUE,TRUE,TRUE,2,214,1,1,98,TRUE,Reliable,unique_valid_peak,,
63,490,491,487,488,-3,3,FALSE,TRUE,TRUE,2,499,1,1,98,TRUE,Reliable,unique_valid_peak,,
64,304,305,304,305,0,0,TRUE,TRUE,TRUE,2,308,1,1,96,TRUE,Reliable,unique_valid_peak,,
65,600,601,605,606,5,5,FALSE,TRUE,TRUE,2,609,1,1,96,TRUE,Reliable,unique_valid_peak,,
66,672,673,672,673,0,0,TRUE,TRUE,TRUE,2,687,1,1,96,TRUE,Reliable,unique_valid_peak,,
67,301,302,297,298,-4,4,FALSE,TRUE,TRUE,2,301,1,1,92,TRUE,Reliable,unique_valid_peak,,
68,271,272,271,272,0,0,TRUE,TRUE,TRUE,2,274,1,1,85,TRUE,Reliable,unique_valid_peak,,
69,355,356,356,357,1,1,TRUE,TRUE,TRUE,2,359,1,1,82,TRUE,Reliable,unique_valid_peak,,
70,806,807,806,807,0,0,TRUE,TRUE,TRUE,3,815,1,1,100,TRUE,Reliable,unique_valid_peak,,
71,710,711,715,716,5,5,FALSE,TRUE,TRUE,3,724,2,1,98,TRUE,Reliable,unique_valid_peak,,
72,838,839,838,839,0,0,TRUE,TRUE,TRUE,3,847,1,1,100,TRUE,Reliable,unique_valid_peak,,
73,370,371,371,372,1,1,TRUE,TRUE,TRUE,3,379,1,1,95,TRUE,Reliable,unique_valid_peak,,
74,762,763,762,763,0,0,TRUE,TRUE,TRUE,3,771,1,1,88,TRUE,Reliable,unique_valid_peak,,
75,866,867,863,864,-3,3,FALSE,TRUE,TRUE,3,876,1,1,97,TRUE,Reliable,unique_valid_peak,,
76,608,609,606,607,-2,2,TRUE,TRUE,TRUE,2,622,1,1,95,TRUE,Reliable,unique_valid_peak,,
77,571,572,580,581,9,9,FALSE,FALSE,TRUE,9,584,2,1,81,TRUE,Reliable,unique_valid_peak,,
78,674,675,,,,,FALSE,FALSE,FALSE,10,695,8,2,62,FALSE,Unreliable,multiple_valid_peaks_at_cmax,,
79,727,728,734,735,7,7,FALSE,FALSE,TRUE,4,748,1,1,82,TRUE,Reliable,unique_valid_peak,,
80,135,136,,,,,FALSE,FALSE,FALSE,10,226,1,2,75,FALSE,Unreliable,multiple_valid_peaks_at_cmax,,
81,983,984,982,983,-1,1,TRUE,TRUE,TRUE,3,993,1,1,81,TRUE,Reliable,unique_valid_peak,,
82,119,120,128,129,9,9,FALSE,FALSE,TRUE,2,149,1,1,84,TRUE,Reliable,unique_valid_peak,,
83,548,549,633,634,85,85,FALSE,FALSE,FALSE,6,636,1,1,83,TRUE,Error > 50 ms,unique_valid_peak,,
84,695,696,707,708,12,12,FALSE,FALSE,FALSE,6,707,1,1,86,TRUE,Reliable,unique_valid_peak,,
85,490,491,579,580,89,89,FALSE,FALSE,FALSE,5,582,1,1,82,TRUE,Error > 50 ms,unique_valid_peak,,
86,289,290,298,299,9,9,FALSE,FALSE,TRUE,4,309,1,1,72,TRUE,Reliable,unique_valid_peak,,
87,444,445,542,543,98,98,FALSE,FALSE,FALSE,8,545,1,1,94,TRUE,Error > 50 ms,unique_valid_peak,,
88,273,274,,,,,FALSE,FALSE,FALSE,10,292,7,2,82,FALSE,Unreliable,multiple_valid_peaks_at_cmax,,
89,533,534,,,,,FALSE,FALSE,FALSE,10,551,7,2,78,FALSE,Unreliable,multiple_valid_peaks_at_cmax,,
90,143,144,280,281,137,137,FALSE,FALSE,FALSE,9,280,1,1,71,TRUE,Error > 50 ms,unique_valid_peak,,
91,475,476,510,511,35,35,FALSE,FALSE,FALSE,7,522,3,1,64,TRUE,Reliable,unique_valid_peak,,
92,215,216,,,,,FALSE,FALSE,FALSE,10,314,2,2,88,FALSE,Unreliable,multiple_valid_peaks_at_cmax,,
93,521,522,551,552,30,30,FALSE,FALSE,FALSE,5,561,1,1,75,TRUE,Reliable,unique_valid_peak,,
94,11,12,39,40,28,28,FALSE,FALSE,FALSE,3,65,1,1,83,TRUE,Reliable,unique_valid_peak,,
95,507,508,568,569,61,61,FALSE,FALSE,FALSE,7,569,1,1,85,TRUE,Error > 50 ms,unique_valid_peak,,
96,354,355,,,,,FALSE,FALSE,FALSE,10,380,6,2,81,FALSE,Unreliable,multiple_valid_peaks_at_cmax,,
97,555,556,576,577,21,21,FALSE,FALSE,FALSE,3,594,1,1,88,TRUE,Reliable,unique_valid_peak,,
98,371,372,398,399,27,27,FALSE,FALSE,FALSE,3,401,1,1,80,TRUE,Reliable,unique_valid_peak,,
99,608,609,611,612,3,3,FALSE,TRUE,TRUE,3,613,1,1,91,TRUE,Reliable,unique_valid_peak,,
100,983,984,981,982,-2,2,TRUE,TRUE,TRUE,2,983,1,1,97,TRUE,Reliable,unique_valid_peak,,
101,74,75,72,73,-2,2,TRUE,TRUE,TRUE,3,74,1,1,92,TRUE,Reliable,unique_valid_peak,,
102,685,686,681,682,-4,4,FALSE,TRUE,TRUE,2,691,1,1,100,TRUE,Reliable,unique_valid_peak,,
103,474,475,471,472,-3,3,FALSE,TRUE,TRUE,3,475,1,1,94,TRUE,Reliable,unique_valid_peak,,
104,123,124,120,121,-3,3,FALSE,TRUE,TRUE,3,129,1,1,96,TRUE,Reliable,unique_valid_peak,,
105,941,942,938,939,-3,3,FALSE,TRUE,TRUE,2,947,1,1,92,TRUE,Reliable,unique_valid_peak,,
106,903,904,900,901,-3,3,FALSE,TRUE,TRUE,2,909,1,1,95,TRUE,Reliable,unique_valid_peak,,
107,690,691,687,688,-3,3,FALSE,TRUE,TRUE,2,689,1,1,88,TRUE,Reliable,unique_valid_peak,,
108,475,476,474,475,-1,1,TRUE,TRUE,TRUE,2,476,1,1,88,TRUE,Reliable,unique_valid_peak,,
109,271,272,269,270,-2,2,TRUE,TRUE,TRUE,2,271,1,1,92,TRUE,Reliable,unique_valid_peak,,
110,313,314,310,311,-3,3,FALSE,TRUE,TRUE,3,312,1,1,88,TRUE,Reliable,unique_valid_peak,,
111,301,302,299,300,-2,2,TRUE,TRUE,TRUE,2,309,1,1,88,TRUE,Reliable,unique_valid_peak,,
112,695,696,694,695,-1,1,TRUE,TRUE,TRUE,3,703,1,1,87,TRUE,Reliable,unique_valid_peak,,
113,883,884,882,883,-1,1,TRUE,TRUE,TRUE,3,884,1,1,86,TRUE,Reliable,unique_valid_peak,,
114,23,24,,,,,FALSE,FALSE,FALSE,10,74,4,2,90,FALSE,Unreliable,multiple_valid_peaks_at_cmax,,
115,961,962,961,962,0,0,TRUE,TRUE,TRUE,3,970,1,1,86,TRUE,Reliable,unique_valid_peak,,
116,580,581,,,,,FALSE,FALSE,FALSE,10,603,5,3,73,FALSE,Unreliable,multiple_valid_peaks_at_cmax,,
117,35,36,,,,,FALSE,FALSE,FALSE,10,35,8,2,99,FALSE,Unreliable,multiple_valid_peaks_at_cmax,,
118,279,280,279,280,0,0,TRUE,TRUE,TRUE,8,282,4,1,100,TRUE,Reliable,unique_valid_peak,,
119,2,3,5,6,3,3,FALSE,TRUE,TRUE,9,6,8,1,100,TRUE,Reliable,unique_valid_peak,,
120,139,140,138,139,-1,1,TRUE,TRUE,TRUE,10,139,6,1,100,TRUE,Reliable,unique_valid_peak,,
121,164,165,164,165,0,0,TRUE,TRUE,TRUE,10,169,7,1,99,TRUE,Reliable,unique_valid_peak,,
122,131,132,,,,,FALSE,FALSE,FALSE,10,137,1,2,90,FALSE,Unreliable,multiple_valid_peaks_at_cmax,,
123,123,124,123,124,0,0,TRUE,TRUE,TRUE,10,127,6,1,100,TRUE,Reliable,unique_valid_peak,,
124,20,21,18,19,-2,2,TRUE,TRUE,TRUE,9,25,1,1,93,TRUE,Reliable,unique_valid_peak,,
125,67,68,71,72,4,4,FALSE,TRUE,TRUE,8,77,7,1,100,TRUE,Reliable,unique_valid_peak,,
126,180,181,184,185,4,4,FALSE,TRUE,TRUE,9,188,1,1,97,TRUE,Reliable,unique_valid_peak,,
127,27,28,,,,,FALSE,FALSE,FALSE,10,32,8,2,92,FALSE,Unreliable,multiple_valid_peaks_at_cmax,,
128,58,59,63,64,5,5,FALSE,TRUE,TRUE,10,67,1,1,96,TRUE,Reliable,unique_valid_peak,,
129,58,59,61,62,3,3,FALSE,TRUE,TRUE,9,62,7,1,96,TRUE,Reliable,unique_valid_peak,,
130,198,199,199,200,1,1,TRUE,TRUE,TRUE,9,201,1,1,96,TRUE,Reliable,unique_valid_peak,,
131,49,50,50,51,1,1,TRUE,TRUE,TRUE,9,53,1,1,89,TRUE,Reliable,unique_valid_peak,,
132,192,193,193,194,1,1,TRUE,TRUE,TRUE,8,195,1,1,95,TRUE,Reliable,unique_valid_peak,,
133,73,74,74,75,1,1,TRUE,TRUE,TRUE,10,76,1,1,95,TRUE,Reliable,unique_valid_peak,,
134,231,232,232,233,1,1,TRUE,TRUE,TRUE,9,234,1,1,93,TRUE,Reliable,unique_valid_peak,,
135,91,92,,,,,FALSE,FALSE,FALSE,10,95,7,2,83,FALSE,Unreliable,multiple_valid_peaks_at_cmax,,
136,130,131,,,,,FALSE,FALSE,FALSE,10,138,9,2,95,FALSE,Unreliable,multiple_valid_peaks_at_cmax,,
137,4,5,5,6,1,1,TRUE,TRUE,TRUE,6,7,1,1,95,TRUE,Reliable,unique_valid_peak,,
138,64,65,63,64,-1,1,TRUE,TRUE,TRUE,8,69,1,1,78,TRUE,Reliable,unique_valid_peak,,
139,89,90,104,105,15,15,FALSE,FALSE,FALSE,6,109,2,1,99,TRUE,Reliable,unique_valid_peak,,
140,17,18,16,17,-1,1,TRUE,TRUE,TRUE,7,18,2,1,99,TRUE,Reliable,unique_valid_peak,,
141,8,9,22,23,14,14,FALSE,FALSE,FALSE,8,28,7,1,100,TRUE,Reliable,unique_valid_peak,,
142,53,54,52,53,-1,1,TRUE,TRUE,TRUE,5,60,1,1,98,TRUE,Reliable,unique_valid_peak,,
143,213,214,227,228,14,14,FALSE,FALSE,FALSE,4,235,2,1,100,TRUE,Reliable,unique_valid_peak,,
144,989,990,,,,,FALSE,FALSE,FALSE,10,358,1,2,100,FALSE,Unreliable,multiple_valid_peaks_at_cmax,,
145,425,426,438,439,13,13,FALSE,FALSE,FALSE,6,444,1,1,93,TRUE,Reliable,unique_valid_peak,,
146,571,572,585,586,14,14,FALSE,FALSE,FALSE,5,592,3,1,92,TRUE,Reliable,unique_valid_peak,,
147,50,51,119,120,69,69,FALSE,FALSE,FALSE,2,125,1,1,100,TRUE,Error > 50 ms,unique_valid_peak,,
148,208,209,221,222,13,13,FALSE,FALSE,FALSE,4,227,1,1,100,TRUE,Reliable,unique_valid_peak,,
149,75,76,74,75,-1,1,TRUE,TRUE,TRUE,4,76,1,1,84,TRUE,Reliable,unique_valid_peak,,
150,51,52,63,64,12,12,FALSE,FALSE,FALSE,5,70,2,1,100,TRUE,Reliable,unique_valid_peak,,
151,30,31,29,30,-1,1,TRUE,TRUE,TRUE,5,31,1,1,81,TRUE,Reliable,unique_valid_peak,,
152,17,18,30,31,13,13,FALSE,FALSE,FALSE,6,37,1,1,96,TRUE,Reliable,unique_valid_peak,,
153,62,63,61,62,-1,1,TRUE,TRUE,TRUE,4,62,2,1,86,TRUE,Reliable,unique_valid_peak,,
154,220,221,235,236,15,15,FALSE,FALSE,FALSE,4,242,2,1,91,TRUE,Reliable,unique_valid_peak,,
155,18,19,31,32,13,13,FALSE,FALSE,FALSE,4,38,3,1,93,TRUE,Reliable,unique_valid_peak,,
156,178,179,192,193,14,14,FALSE,FALSE,FALSE,4,199,1,1,88,TRUE,Reliable,unique_valid_peak,,
157,170,171,184,185,14,14,FALSE,FALSE,FALSE,4,191,1,1,92,TRUE,Reliable,unique_valid_peak,,
158,286,287,302,303,16,16,FALSE,FALSE,FALSE,6,307,2,1,92,TRUE,Reliable,unique_valid_peak,,
159,699,700,929,930,230,230,FALSE,FALSE,FALSE,3,933,1,1,99,TRUE,Error > 50 ms,unique_valid_peak,,
160,196,197,194,195,-2,2,TRUE,TRUE,TRUE,4,197,1,1,95,TRUE,Reliable,unique_valid_peak,,
161,681,682,911,912,230,230,FALSE,FALSE,FALSE,3,915,1,1,99,TRUE,Error > 50 ms,unique_valid_peak,,
162,257,258,492,493,235,235,FALSE,FALSE,FALSE,4,493,1,1,99,TRUE,Error > 50 ms,unique_valid_peak,,
163,110,111,109,110,-1,1,TRUE,TRUE,TRUE,6,114,3,1,100,TRUE,Reliable,unique_valid_peak,,
164,463,464,698,699,235,235,FALSE,FALSE,FALSE,5,700,1,1,98,TRUE,Error > 50 ms,unique_valid_peak,,
165,892,893,891,892,-1,1,TRUE,TRUE,TRUE,2,901,1,1,94,TRUE,Reliable,unique_valid_peak,,
166,108,109,340,341,232,232,FALSE,FALSE,FALSE,5,347,1,1,98,TRUE,Error > 50 ms,unique_valid_peak,,
167,297,298,531,532,234,234,FALSE,FALSE,FALSE,6,537,1,1,100,TRUE,Error > 50 ms,unique_valid_peak,,
168,729,730,960,961,231,231,FALSE,FALSE,FALSE,3,969,1,1,99,TRUE,Error > 50 ms,unique_valid_peak,,
169,840,841,837,838,-3,3,FALSE,TRUE,TRUE,3,847,1,1,93,TRUE,Reliable,unique_valid_peak,,
170,993,994,991,992,-2,2,TRUE,TRUE,TRUE,4,996,1,1,98,TRUE,Reliable,unique_valid_peak,,
171,824,825,822,823,-2,2,TRUE,TRUE,TRUE,3,831,1,1,100,TRUE,Reliable,unique_valid_peak,,
172,997,998,994,995,-3,3,FALSE,TRUE,TRUE,4,997,1,1,97,TRUE,Reliable,unique_valid_peak,,
173,132,133,363,364,231,231,FALSE,FALSE,FALSE,3,373,1,1,100,TRUE,Error > 50 ms,unique_valid_peak,,
174,19,20,251,252,232,232,FALSE,FALSE,FALSE,3,258,1,1,97,TRUE,Error > 50 ms,unique_valid_peak,,
175,259,260,489,490,230,230,FALSE,FALSE,FALSE,3,491,1,1,100,TRUE,Error > 50 ms,unique_valid_peak,,
176,414,415,411,412,-3,3,FALSE,TRUE,TRUE,3,414,2,1,89,TRUE,Reliable,unique_valid_peak,,
177,527,528,524,525,-3,3,FALSE,TRUE,TRUE,2,526,1,1,99,TRUE,Reliable,unique_valid_peak,,
178,128,129,129,130,1,1,TRUE,TRUE,TRUE,3,139,1,1,100,TRUE,Reliable,unique_valid_peak,,
179,397,398,395,396,-2,2,TRUE,TRUE,TRUE,3,405,1,1,96,TRUE,Reliable,unique_valid_peak,,
180,364,365,364,365,0,0,TRUE,TRUE,TRUE,3,373,1,1,92,TRUE,Reliable,unique_valid_peak,,
181,406,407,406,407,0,0,TRUE,TRUE,TRUE,4,409,1,1,84,TRUE,Reliable,unique_valid_peak,,
182,105,106,168,169,63,63,FALSE,FALSE,FALSE,2,197,1,1,93,TRUE,Error > 50 ms,unique_valid_peak,,
183,137,138,137,138,0,0,TRUE,TRUE,TRUE,3,146,1,1,79,TRUE,Reliable,unique_valid_peak,,
184,65,66,66,67,1,1,TRUE,TRUE,TRUE,3,75,1,1,98,TRUE,Reliable,unique_valid_peak,,
185,364,365,364,365,0,0,TRUE,TRUE,TRUE,2,375,1,1,89,TRUE,Reliable,unique_valid_peak,,
186,209,210,210,211,1,1,TRUE,TRUE,TRUE,3,213,1,1,92,TRUE,Reliable,unique_valid_peak,,
187,284,285,285,286,1,1,TRUE,TRUE,TRUE,3,287,1,1,91,TRUE,Reliable,unique_valid_peak,,
188,248,249,250,251,2,2,TRUE,TRUE,TRUE,3,253,1,1,96,TRUE,Reliable,unique_valid_peak,,
189,489,490,490,491,1,1,TRUE,TRUE,TRUE,4,493,2,1,86,TRUE,Reliable,unique_valid_peak,,
190,216,217,463,464,247,247,FALSE,FALSE,FALSE,2,468,1,1,78,TRUE,Error > 50 ms,unique_valid_peak,,
191,558,559,555,556,-3,3,FALSE,TRUE,TRUE,3,558,1,1,82,TRUE,Reliable,unique_valid_peak,,
192,338,339,335,336,-3,3,FALSE,TRUE,TRUE,3,338,1,1,89,TRUE,Reliable,unique_valid_peak,,
193,200,201,421,422,221,221,FALSE,FALSE,FALSE,2,441,1,1,93,TRUE,Error > 50 ms,unique_valid_peak,,
194,274,275,275,276,1,1,TRUE,TRUE,TRUE,2,288,1,1,100,TRUE,Reliable,unique_valid_peak,,
195,102,103,104,105,2,2,TRUE,TRUE,TRUE,9,111,1,1,75,TRUE,Reliable,unique_valid_peak,,
196,165,166,166,167,1,1,TRUE,TRUE,TRUE,4,175,3,1,86,TRUE,Reliable,unique_valid_peak,,
197,80,81,81,82,1,1,TRUE,TRUE,TRUE,6,83,2,1,79,TRUE,Reliable,unique_valid_peak,,
198,52,53,52,53,0,0,TRUE,TRUE,TRUE,5,60,2,1,78,TRUE,Reliable,unique_valid_peak,,
199,263,264,262,263,-1,1,TRUE,TRUE,TRUE,6,270,1,1,82,TRUE,Reliable,unique_valid_peak,,
200,124,125,124,125,0,0,TRUE,TRUE,TRUE,6,127,1,1,71,TRUE,Reliable,unique_valid_peak,,
201,46,47,45,46,-1,1,TRUE,TRUE,TRUE,9,53,1,1,83,TRUE,Reliable,unique_valid_peak,,
202,7,8,,,,,FALSE,FALSE,FALSE,10,6,8,2,92,FALSE,Unreliable,multiple_valid_peaks_at_cmax,,
203,5,6,,,,,FALSE,FALSE,FALSE,10,12,5,3,96,FALSE,Unreliable,multiple_valid_peaks_at_cmax,,
204,137,138,,,,,FALSE,FALSE,FALSE,10,136,4,2,94,FALSE,Unreliable,multiple_valid_peaks_at_cmax,,
205,329,330,328,329,-1,1,TRUE,TRUE,TRUE,7,330,1,1,93,TRUE,Reliable,unique_valid_peak,,
206,227,228,226,227,-1,1,TRUE,TRUE,TRUE,9,231,1,1,86,TRUE,Reliable,unique_valid_peak,,
207,139,140,138,139,-1,1,TRUE,TRUE,TRUE,6,140,1,1,75,TRUE,Reliable,unique_valid_peak,,
208,601,602,465,466,-136,136,FALSE,FALSE,FALSE,6,466,1,1,92,TRUE,Error > 50 ms,unique_valid_peak,,
209,932,933,933,934,1,1,TRUE,TRUE,TRUE,2,942,1,1,99,TRUE,Reliable,unique_valid_peak,,
210,419,420,419,420,0,0,TRUE,TRUE,TRUE,2,429,1,1,99,TRUE,Reliable,unique_valid_peak,,
211,597,598,595,596,-2,2,TRUE,TRUE,TRUE,2,605,1,1,100,TRUE,Reliable,unique_valid_peak,,
212,799,800,798,799,-1,1,TRUE,TRUE,TRUE,2,808,1,1,100,TRUE,Reliable,unique_valid_peak,,
213,878,879,876,877,-2,2,TRUE,TRUE,TRUE,2,886,1,1,100,TRUE,Reliable,unique_valid_peak,,
214,695,696,693,694,-2,2,TRUE,TRUE,TRUE,2,703,1,1,91,TRUE,Reliable,unique_valid_peak,,
215,482,483,479,480,-3,3,FALSE,TRUE,TRUE,2,489,1,1,100,TRUE,Reliable,unique_valid_peak,,
216,653,654,651,652,-2,2,TRUE,TRUE,TRUE,2,661,1,1,87,TRUE,Reliable,unique_valid_peak,,
217,860,861,858,859,-2,2,TRUE,TRUE,TRUE,2,860,1,1,99,TRUE,Reliable,unique_valid_peak,,
218,350,351,348,349,-2,2,TRUE,TRUE,TRUE,3,358,2,1,93,TRUE,Reliable,unique_valid_peak,,
219,669,670,668,669,-1,1,TRUE,TRUE,TRUE,2,670,1,1,100,TRUE,Reliable,unique_valid_peak,,
220,487,488,485,486,-2,2,TRUE,TRUE,TRUE,2,487,1,1,98,TRUE,Reliable,unique_valid_peak,,
221,422,423,421,422,-1,1,TRUE,TRUE,TRUE,2,423,1,1,94,TRUE,Reliable,unique_valid_peak,,
222,918,919,918,919,0,0,TRUE,TRUE,TRUE,2,921,1,1,100,TRUE,Reliable,unique_valid_peak,,
223,485,486,485,486,0,0,TRUE,TRUE,TRUE,2,495,1,1,95,TRUE,Reliable,unique_valid_peak,,
224,725,726,725,726,0,0,TRUE,TRUE,TRUE,3,727,1,1,91,TRUE,Reliable,unique_valid_peak,,
225,607,608,605,606,-2,2,TRUE,TRUE,TRUE,2,615,1,1,96,TRUE,Reliable,unique_valid_peak,,
226,540,541,538,539,-2,2,TRUE,TRUE,TRUE,2,547,1,1,82,TRUE,Reliable,unique_valid_peak,,
227,362,363,362,363,0,0,TRUE,TRUE,TRUE,2,372,1,1,95,TRUE,Reliable,unique_valid_peak,,
228,602,603,602,603,0,0,TRUE,TRUE,TRUE,2,604,1,1,89,TRUE,Reliable,unique_valid_peak,,
229,13,14,18,19,5,5,FALSE,TRUE,TRUE,3,27,1,1,100,TRUE,Reliable,unique_valid_peak,,
230,893,894,896,897,3,3,FALSE,TRUE,TRUE,3,905,1,1,100,TRUE,Reliable,unique_valid_peak,,
231,860,861,863,864,3,3,FALSE,TRUE,TRUE,3,865,1,1,100,TRUE,Reliable,unique_valid_peak,,
232,474,475,476,477,2,2,TRUE,TRUE,TRUE,3,478,1,1,100,TRUE,Reliable,unique_valid_peak,,
233,777,778,782,783,5,5,FALSE,TRUE,TRUE,3,784,1,1,100,TRUE,Reliable,unique_valid_peak,,
234,356,357,358,359,2,2,TRUE,TRUE,TRUE,4,361,1,1,100,TRUE,Reliable,unique_valid_peak,,
235,889,890,894,895,5,5,FALSE,TRUE,TRUE,3,896,1,1,100,TRUE,Reliable,unique_valid_peak,,
236,473,474,477,478,4,4,FALSE,TRUE,TRUE,4,479,1,1,100,TRUE,Reliable,unique_valid_peak,,
237,424,425,424,425,0,0,TRUE,TRUE,TRUE,3,427,2,1,100,TRUE,Reliable,unique_valid_peak,,
238,610,611,611,612,1,1,TRUE,TRUE,TRUE,3,614,2,1,100,TRUE,Reliable,unique_valid_peak,,
239,491,492,492,493,1,1,TRUE,TRUE,TRUE,3,495,2,1,100,TRUE,Reliable,unique_valid_peak,,
240,227,228,229,230,2,2,TRUE,TRUE,TRUE,3,231,2,1,100,TRUE,Reliable,unique_valid_peak,,
241,862,863,863,864,1,1,TRUE,TRUE,TRUE,3,866,2,1,100,TRUE,Reliable,unique_valid_peak,,
242,755,756,756,757,1,1,TRUE,TRUE,TRUE,3,759,2,1,100,TRUE,Reliable,unique_valid_peak,,
243,260,261,261,262,1,1,TRUE,TRUE,TRUE,3,264,2,1,100,TRUE,Reliable,unique_valid_peak,,
244,695,696,699,700,4,4,FALSE,TRUE,TRUE,3,707,2,1,100,TRUE,Reliable,unique_valid_peak,,
245,73,74,76,77,3,3,FALSE,TRUE,TRUE,3,84,2,1,100,TRUE,Reliable,unique_valid_peak,,
246,773,774,777,778,4,4,FALSE,TRUE,TRUE,4,785,1,1,98,TRUE,Reliable,unique_valid_peak,,
247,333,334,337,338,4,4,FALSE,TRUE,TRUE,3,344,2,1,100,TRUE,Reliable,unique_valid_peak,,
248,731,732,736,737,5,5,FALSE,TRUE,TRUE,4,743,1,1,99,TRUE,Reliable,unique_valid_peak,,
249,948,949,956,957,8,8,FALSE,FALSE,TRUE,4,963,1,1,98,TRUE,Reliable,unique_valid_peak,,
250,5,6,8,9,3,3,FALSE,TRUE,TRUE,3,10,2,1,89,TRUE,Reliable,unique_valid_peak,,
251,898,899,903,904,5,5,FALSE,TRUE,TRUE,4,905,1,1,99,TRUE,Reliable,unique_valid_peak,,
252,883,884,891,892,8,8,FALSE,FALSE,TRUE,4,898,1,1,90,TRUE,Reliable,unique_valid_peak,,
253,822,823,828,829,6,6,FALSE,FALSE,TRUE,4,830,2,1,93,TRUE,Reliable,unique_valid_peak,,
254,912,913,914,915,2,2,TRUE,TRUE,TRUE,2,917,1,1,100,TRUE,Reliable,unique_valid_peak,,
255,804,805,805,806,1,1,TRUE,TRUE,TRUE,2,823,1,1,100,TRUE,Reliable,unique_valid_peak,,
256,515,516,521,522,6,6,FALSE,FALSE,TRUE,4,534,1,1,100,TRUE,Reliable,unique_valid_peak,,
257,186,187,194,195,8,8,FALSE,FALSE,TRUE,4,197,1,1,100,TRUE,Reliable,unique_valid_peak,,
258,950,951,952,953,2,2,TRUE,TRUE,TRUE,2,955,1,1,100,TRUE,Reliable,unique_valid_peak,,
259,764,765,765,766,1,1,TRUE,TRUE,TRUE,4,767,1,1,95,TRUE,Reliable,unique_valid_peak,,
260,109,110,108,109,-1,1,TRUE,TRUE,TRUE,3,117,1,1,92,TRUE,Reliable,unique_valid_peak,,
261,327,328,325,326,-2,2,TRUE,TRUE,TRUE,3,328,1,1,96,TRUE,Reliable,unique_valid_peak,,
262,129,130,127,128,-2,2,TRUE,TRUE,TRUE,3,136,1,1,97,TRUE,Reliable,unique_valid_peak,,
263,379,380,377,378,-2,2,TRUE,TRUE,TRUE,7,379,4,1,90,TRUE,Reliable,unique_valid_peak,,
264,102,103,100,101,-2,2,TRUE,TRUE,TRUE,3,102,1,1,97,TRUE,Reliable,unique_valid_peak,,
265,16,17,14,15,-2,2,TRUE,TRUE,TRUE,3,16,1,1,82,TRUE,Reliable,unique_valid_peak,,
266,207,208,204,205,-3,3,FALSE,TRUE,TRUE,3,208,1,1,91,TRUE,Reliable,unique_valid_peak,,
267,227,228,223,224,-4,4,FALSE,TRUE,TRUE,3,233,1,1,83,TRUE,Reliable,unique_valid_peak,,
268,480,481,479,480,-1,1,TRUE,TRUE,TRUE,2,490,1,1,85,TRUE,Reliable,unique_valid_peak,,
269,360,361,361,362,1,1,TRUE,TRUE,TRUE,3,370,1,1,83,TRUE,Reliable,unique_valid_peak,,
270,544,545,546,547,2,2,TRUE,TRUE,TRUE,2,555,1,1,90,TRUE,Reliable,unique_valid_peak,,
271,381,382,379,380,-2,2,TRUE,TRUE,TRUE,2,388,1,1,91,TRUE,Reliable,unique_valid_peak,,
272,297,298,299,300,2,2,TRUE,TRUE,TRUE,3,308,2,1,90,TRUE,Reliable,unique_valid_peak,,
273,200,201,199,200,-1,1,TRUE,TRUE,TRUE,4,207,3,1,86,TRUE,Reliable,unique_valid_peak,,
274,553,554,549,550,-4,4,FALSE,TRUE,TRUE,2,551,1,1,86,TRUE,Reliable,unique_valid_peak,,
275,445,446,442,443,-3,3,FALSE,TRUE,TRUE,3,445,1,1,70,TRUE,Reliable,unique_valid_peak,,
276,492,493,489,490,-3,3,FALSE,TRUE,TRUE,3,499,1,1,77,TRUE,Reliable,unique_valid_peak,,
277,620,621,618,619,-2,2,TRUE,TRUE,TRUE,4,621,1,1,100,TRUE,Reliable,unique_valid_peak,,
278,873,874,869,870,-4,4,FALSE,TRUE,TRUE,2,880,1,1,100,TRUE,Reliable,unique_valid_peak,,
279,840,841,838,839,-2,2,TRUE,TRUE,TRUE,4,841,2,1,100,TRUE,Reliable,unique_valid_peak,,
280,957,958,953,954,-4,4,FALSE,TRUE,TRUE,2,964,1,1,100,TRUE,Reliable,unique_valid_peak,,
281,654,655,652,653,-2,2,TRUE,TRUE,TRUE,4,659,1,1,99,TRUE,Reliable,unique_valid_peak,,
282,798,799,796,797,-2,2,TRUE,TRUE,TRUE,4,803,1,1,99,TRUE,Reliable,unique_valid_peak,,
283,362,363,,,,,FALSE,FALSE,FALSE,10,599,3,3,63,FALSE,Unreliable,multiple_valid_peaks_at_cmax,,
284,907,908,904,905,-3,3,FALSE,TRUE,TRUE,3,912,1,1,95,TRUE,Reliable,unique_valid_peak,,
285,836,837,834,835,-2,2,TRUE,TRUE,TRUE,4,842,2,1,100,TRUE,Reliable,unique_valid_peak,,
286,884,885,881,882,-3,3,FALSE,TRUE,TRUE,2,891,1,1,100,TRUE,Reliable,unique_valid_peak,,
287,715,716,714,715,-1,1,TRUE,TRUE,TRUE,4,721,2,1,93,TRUE,Reliable,unique_valid_peak,,
288,785,786,784,785,-1,1,TRUE,TRUE,TRUE,4,791,2,1,100,TRUE,Reliable,unique_valid_peak,,
289,956,957,953,954,-3,3,FALSE,TRUE,TRUE,2,963,1,1,100,TRUE,Reliable,unique_valid_peak,,
290,821,822,820,821,-1,1,TRUE,TRUE,TRUE,4,827,2,1,96,TRUE,Reliable,unique_valid_peak,,
291,873,874,870,871,-3,3,FALSE,TRUE,TRUE,2,880,1,1,100,TRUE,Reliable,unique_valid_peak,,
292,736,737,734,735,-2,2,TRUE,TRUE,TRUE,3,743,2,1,100,TRUE,Reliable,unique_valid_peak,,
293,946,947,943,944,-3,3,FALSE,TRUE,TRUE,2,953,1,1,88,TRUE,Reliable,unique_valid_peak,,
294,839,840,837,838,-2,2,TRUE,TRUE,TRUE,3,838,1,1,96,TRUE,Reliable,unique_valid_peak,,
295,863,864,860,861,-3,3,FALSE,TRUE,TRUE,2,870,1,1,100,TRUE,Reliable,unique_valid_peak,,
296,775,776,773,774,-2,2,TRUE,TRUE,TRUE,3,782,1,1,99,TRUE,Reliable,unique_valid_peak,,
297,989,990,986,987,-3,3,FALSE,TRUE,TRUE,2,989,1,1,94,TRUE,Reliable,unique_valid_peak,,
298,976,977,974,975,-2,2,TRUE,TRUE,TRUE,2,983,1,1,85,TRUE,Reliable,unique_valid_peak,,
299,604,605,602,603,-2,2,TRUE,TRUE,TRUE,4,611,2,1,96,TRUE,Reliable,unique_valid_peak,,
300,671,672,670,671,-1,1,TRUE,TRUE,TRUE,5,672,1,1,90,TRUE,Reliable,unique_valid_peak,,
301,979,980,978,979,-1,1,TRUE,TRUE,TRUE,2,994,1,1,100,TRUE,Reliable,unique_valid_peak,,
302,820,821,822,823,2,2,TRUE,TRUE,TRUE,3,835,1,1,100,TRUE,Reliable,unique_valid_peak,,
303,702,703,703,704,1,1,TRUE,TRUE,TRUE,3,717,1,1,100,TRUE,Reliable,unique_valid_peak,,
304,450,451,452,453,2,2,TRUE,TRUE,TRUE,3,462,1,1,100,TRUE,Reliable,unique_valid_peak,,
305,312,313,313,314,1,1,TRUE,TRUE,TRUE,3,324,1,1,100,TRUE,Reliable,unique_valid_peak,,
306,751,752,753,754,2,2,TRUE,TRUE,TRUE,3,761,1,1,100,TRUE,Reliable,unique_valid_peak,,
307,222,223,223,224,1,1,TRUE,TRUE,TRUE,3,232,1,1,100,TRUE,Reliable,unique_valid_peak,,
308,659,660,662,663,3,3,FALSE,TRUE,TRUE,3,669,1,1,100,TRUE,Reliable,unique_valid_peak,,
309,403,404,406,407,3,3,FALSE,TRUE,TRUE,3,415,1,1,100,TRUE,Reliable,unique_valid_peak,,
310,730,731,733,734,3,3,FALSE,TRUE,TRUE,3,739,1,1,100,TRUE,Reliable,unique_valid_peak,,
311,843,844,845,846,2,2,TRUE,TRUE,TRUE,3,848,2,1,100,TRUE,Reliable,unique_valid_peak,,
312,287,288,291,292,4,4,FALSE,TRUE,TRUE,3,293,2,1,100,TRUE,Reliable,unique_valid_peak,,
313,512,513,514,515,2,2,TRUE,TRUE,TRUE,3,517,2,1,100,TRUE,Reliable,unique_valid_peak,,
314,976,977,976,977,0,0,TRUE,TRUE,TRUE,2,981,1,1,100,TRUE,Reliable,unique_valid_peak,,
315,373,374,375,376,2,2,TRUE,TRUE,TRUE,3,386,1,1,100,TRUE,Reliable,unique_valid_peak,,
316,255,256,258,259,3,3,FALSE,TRUE,TRUE,3,268,1,1,97,TRUE,Reliable,unique_valid_peak,,
317,500,501,502,503,2,2,TRUE,TRUE,TRUE,3,511,1,1,100,TRUE,Reliable,unique_valid_peak,,
318,110,111,112,113,2,2,TRUE,TRUE,TRUE,3,121,1,1,100,TRUE,Reliable,unique_valid_peak,,
319,280,281,282,283,2,2,TRUE,TRUE,TRUE,3,294,1,1,95,TRUE,Reliable,unique_valid_peak,,
320,170,171,167,168,-3,3,FALSE,TRUE,TRUE,2,178,1,1,86,TRUE,Reliable,unique_valid_peak,,
321,623,624,620,621,-3,3,FALSE,TRUE,TRUE,2,622,1,1,96,TRUE,Reliable,unique_valid_peak,,
322,302,303,299,300,-3,3,FALSE,TRUE,TRUE,2,310,1,1,87,TRUE,Reliable,unique_valid_peak,,
323,617,618,614,615,-3,3,FALSE,TRUE,TRUE,2,625,1,1,81,TRUE,Reliable,unique_valid_peak,,
324,661,662,658,659,-3,3,FALSE,TRUE,TRUE,2,669,1,1,91,TRUE,Reliable,unique_valid_peak,,
325,177,178,174,175,-3,3,FALSE,TRUE,TRUE,2,177,1,1,96,TRUE,Reliable,unique_valid_peak,,
326,4,5,,,,,FALSE,FALSE,FALSE,2,5,1,1,91,FALSE,Unreliable,unique_peak_no_onset_crossing,,
327,157,158,154,155,-3,3,FALSE,TRUE,TRUE,2,166,1,1,90,TRUE,Reliable,unique_valid_peak,,
328,446,447,444,445,-2,2,TRUE,TRUE,TRUE,3,448,1,1,93,TRUE,Reliable,unique_valid_peak,,
329,57,58,57,58,0,0,TRUE,TRUE,TRUE,5,67,2,1,96,TRUE,Reliable,unique_valid_peak,,
330,273,274,270,271,-3,3,FALSE,TRUE,TRUE,2,281,1,1,88,TRUE,Reliable,unique_valid_peak,,
331,286,287,284,285,-2,2,TRUE,TRUE,TRUE,2,289,1,1,85,TRUE,Reliable,unique_valid_peak,,
332,166,167,164,165,-2,2,TRUE,TRUE,TRUE,2,166,1,1,84,TRUE,Reliable,unique_valid_peak,,
333,714,715,,,,,FALSE,FALSE,FALSE,10,720,9,2,100,FALSE,Unreliable,multiple_valid_peaks_at_cmax,,
334,632,633,628,629,-4,4,FALSE,TRUE,TRUE,3,631,1,1,95,TRUE,Reliable,unique_valid_peak,,
335,92,93,97,98,5,5,FALSE,TRUE,TRUE,8,97,1,1,95,TRUE,Reliable,unique_valid_peak,,
336,342,343,338,339,-4,4,FALSE,TRUE,TRUE,3,340,1,1,97,TRUE,Reliable,unique_valid_peak,,
337,147,148,,,,,FALSE,FALSE,FALSE,10,158,7,2,98,FALSE,Unreliable,multiple_valid_peaks_at_cmax,,
338,443,444,439,440,-4,4,FALSE,TRUE,TRUE,3,441,1,1,99,TRUE,Reliable,unique_valid_peak,,
339,215,216,211,212,-4,4,FALSE,TRUE,TRUE,3,213,1,1,98,TRUE,Reliable,unique_valid_peak,,
340,975,976,971,972,-4,4,FALSE,TRUE,TRUE,2,973,1,1,100,TRUE,Reliable,unique_valid_peak,,
341,347,348,,,,,FALSE,FALSE,FALSE,10,358,8,2,94,FALSE,Unreliable,multiple_valid_peaks_at_cmax,,
342,832,833,828,829,-4,4,FALSE,TRUE,TRUE,3,830,1,1,96,TRUE,Reliable,unique_valid_peak,,
343,31,32,,,,,FALSE,FALSE,FALSE,10,42,5,2,95,FALSE,Unreliable,multiple_valid_peaks_at_cmax,,
344,316,317,433,434,117,117,FALSE,FALSE,FALSE,5,434,1,1,57,TRUE,Error > 50 ms,unique_valid_peak,,
345,635,636,632,633,-3,3,FALSE,TRUE,TRUE,3,641,1,1,88,TRUE,Reliable,unique_valid_peak,,
346,501,502,498,499,-3,3,FALSE,TRUE,TRUE,5,502,1,1,71,TRUE,Reliable,unique_valid_peak,,
347,826,827,828,829,2,2,TRUE,TRUE,TRUE,3,830,1,1,96,TRUE,Reliable,unique_valid_peak,,
348,171,172,,,,,FALSE,FALSE,FALSE,10,179,9,2,93,FALSE,Unreliable,multiple_valid_peaks_at_cmax,,
349,825,826,821,822,-4,4,FALSE,TRUE,TRUE,2,832,1,1,91,TRUE,Reliable,unique_valid_peak,,
350,37,38,,,,,FALSE,FALSE,FALSE,10,45,5,2,83,FALSE,Unreliable,multiple_valid_peaks_at_cmax,,
351,314,315,316,317,2,2,TRUE,TRUE,TRUE,3,325,1,1,89,TRUE,Reliable,unique_valid_peak,,
352,349,350,,,,,FALSE,FALSE,FALSE,10,358,9,2,95,FALSE,Unreliable,multiple_valid_peaks_at_cmax,,
353,544,545,545,546,1,1,TRUE,TRUE,TRUE,3,547,1,1,88,TRUE,Reliable,unique_valid_peak,,
354,174,175,,,,,FALSE,FALSE,FALSE,10,181,4,2,85,FALSE,Unreliable,multiple_valid_peaks_at_cmax,,
355,82,83,419,420,337,337,FALSE,FALSE,FALSE,2,430,1,1,96,TRUE,Error > 50 ms,unique_valid_peak,,
356,41,42,,,,,FALSE,FALSE,FALSE,10,50,7,2,86,FALSE,Unreliable,multiple_valid_peaks_at_cmax,,
357,17,18,,,,,FALSE,FALSE,FALSE,10,24,6,2,85,FALSE,Unreliable,multiple_valid_peaks_at_cmax,,
358,207,208,217,218,10,10,FALSE,FALSE,TRUE,2,276,1,1,82,TRUE,Reliable,unique_valid_peak,,
359,569,570,566,567,-3,3,FALSE,TRUE,TRUE,3,568,1,1,75,TRUE,Reliable,unique_valid_peak,,
360,276,277,276,277,0,0,TRUE,TRUE,TRUE,2,278,1,1,91,TRUE,Reliable,unique_valid_peak,,
361,337,338,335,336,-2,2,TRUE,TRUE,TRUE,3,344,1,1,95,TRUE,Reliable,unique_valid_peak,,
362,75,76,76,77,1,1,TRUE,TRUE,TRUE,2,77,1,1,100,TRUE,Reliable,unique_valid_peak,,
363,650,651,651,652,1,1,TRUE,TRUE,TRUE,2,653,1,1,96,TRUE,Reliable,unique_valid_peak,,
364,181,182,181,182,0,0,TRUE,TRUE,TRUE,2,183,1,1,93,TRUE,Reliable,unique_valid_peak,,
365,817,818,818,819,1,1,TRUE,TRUE,TRUE,3,824,1,1,97,TRUE,Reliable,unique_valid_peak,,
366,645,646,645,646,0,0,TRUE,TRUE,TRUE,2,655,1,1,92,TRUE,Reliable,unique_valid_peak,,
367,866,867,863,864,-3,3,FALSE,TRUE,TRUE,3,865,1,1,100,TRUE,Reliable,unique_valid_peak,,
368,636,637,632,633,-4,4,FALSE,TRUE,TRUE,3,634,1,1,96,TRUE,Reliable,unique_valid_peak,,
369,786,787,783,784,-3,3,FALSE,TRUE,TRUE,3,785,1,1,96,TRUE,Reliable,unique_valid_peak,,
370,136,137,132,133,-4,4,FALSE,TRUE,TRUE,2,133,1,1,90,TRUE,Reliable,unique_valid_peak,,
371,720,721,716,717,-4,4,FALSE,TRUE,TRUE,3,718,1,1,90,TRUE,Reliable,unique_valid_peak,,
372,11,12,7,8,-4,4,FALSE,TRUE,TRUE,2,9,1,1,86,TRUE,Reliable,unique_valid_peak,,
373,290,291,304,305,14,14,FALSE,FALSE,FALSE,3,312,1,1,100,TRUE,Reliable,unique_valid_peak,,
374,165,166,178,179,13,13,FALSE,FALSE,FALSE,2,188,1,1,100,TRUE,Reliable,unique_valid_peak,,
375,374,375,388,389,14,14,FALSE,FALSE,FALSE,4,396,1,1,100,TRUE,Reliable,unique_valid_peak,,
376,211,212,224,225,13,13,FALSE,FALSE,FALSE,2,234,1,1,100,TRUE,Reliable,unique_valid_peak,,
377,101,102,113,114,12,12,FALSE,FALSE,FALSE,2,115,1,1,100,TRUE,Reliable,unique_valid_peak,,
378,171,172,183,184,12,12,FALSE,FALSE,FALSE,2,186,1,1,100,TRUE,Reliable,unique_valid_peak,,
379,387,388,401,402,14,14,FALSE,FALSE,FALSE,3,409,1,1,99,TRUE,Reliable,unique_valid_peak,,
380,334,335,350,351,16,16,FALSE,FALSE,FALSE,3,352,1,1,100,TRUE,Reliable,unique_valid_peak,,
381,220,221,231,232,11,11,FALSE,FALSE,FALSE,2,234,1,1,100,TRUE,Reliable,unique_valid_peak,,
382,308,309,321,322,13,13,FALSE,FALSE,FALSE,3,323,1,1,99,TRUE,Reliable,unique_valid_peak,,
383,353,354,366,367,13,13,FALSE,FALSE,FALSE,4,368,1,1,98,TRUE,Reliable,unique_valid_peak,,
384,417,418,430,431,13,13,FALSE,FALSE,FALSE,3,432,1,1,91,TRUE,Reliable,unique_valid_peak,,
385,0,1,13,14,13,13,FALSE,FALSE,FALSE,2,23,1,1,100,TRUE,Reliable,unique_valid_peak,,
386,325,326,339,340,14,14,FALSE,FALSE,FALSE,3,348,1,1,98,TRUE,Reliable,unique_valid_peak,,
387,235,236,233,234,-2,2,TRUE,TRUE,TRUE,4,235,3,1,87,TRUE,Reliable,unique_valid_peak,,
388,227,228,225,226,-2,2,TRUE,TRUE,TRUE,3,226,1,1,92,TRUE,Reliable,unique_valid_peak,,
389,57,58,55,56,-2,2,TRUE,TRUE,TRUE,4,56,1,1,75,TRUE,Reliable,unique_valid_peak,,
390,62,63,59,60,-3,3,FALSE,TRUE,TRUE,4,69,1,1,82,TRUE,Reliable,unique_valid_peak,,
391,188,189,187,188,-1,1,TRUE,TRUE,TRUE,5,190,1,1,91,TRUE,Reliable,unique_valid_peak,,
392,28,29,27,28,-1,1,TRUE,TRUE,TRUE,5,31,1,1,89,TRUE,Reliable,unique_valid_peak,,
393,86,87,680,681,594,594,FALSE,FALSE,FALSE,2,687,1,1,76,TRUE,Error > 50 ms,unique_valid_peak,,
394,124,125,362,363,238,238,FALSE,FALSE,FALSE,2,379,1,1,94,TRUE,Error > 50 ms,unique_valid_peak,,
395,141,142,139,140,-2,2,TRUE,TRUE,TRUE,4,148,2,1,92,TRUE,Reliable,unique_valid_peak,,
396,49,50,50,51,1,1,TRUE,TRUE,TRUE,3,52,1,1,95,TRUE,Reliable,unique_valid_peak,,
397,181,182,179,180,-2,2,TRUE,TRUE,TRUE,3,188,1,1,86,TRUE,Reliable,unique_valid_peak,,
398,580,581,580,581,0,0,TRUE,TRUE,TRUE,2,582,1,1,86,TRUE,Reliable,unique_valid_peak,,
399,135,136,134,135,-1,1,TRUE,TRUE,TRUE,4,135,2,1,92,TRUE,Reliable,unique_valid_peak,,
400,303,304,303,304,0,0,TRUE,TRUE,TRUE,3,305,1,1,84,TRUE,Reliable,unique_valid_peak,,
401,552,553,552,553,0,0,TRUE,TRUE,TRUE,4,556,1,1,96,TRUE,Reliable,unique_valid_peak,,
402,103,104,102,103,-1,1,TRUE,TRUE,TRUE,4,110,3,1,82,TRUE,Reliable,unique_valid_peak,,
403,266,267,264,265,-2,2,TRUE,TRUE,TRUE,3,266,1,1,94,TRUE,Reliable,unique_valid_peak,,
404,622,623,620,621,-2,2,TRUE,TRUE,TRUE,3,622,1,1,85,TRUE,Reliable,unique_valid_peak,,
405,172,173,171,172,-1,1,TRUE,TRUE,TRUE,4,179,1,1,90,TRUE,Reliable,unique_valid_peak,,
406,164,165,244,245,80,80,FALSE,FALSE,FALSE,2,254,1,1,86,TRUE,Error > 50 ms,unique_valid_peak,,
407,47,48,45,46,-2,2,TRUE,TRUE,TRUE,3,55,1,1,89,TRUE,Reliable,unique_valid_peak,,
408,655,656,652,653,-3,3,FALSE,TRUE,TRUE,4,654,1,1,95,TRUE,Reliable,unique_valid_peak,,
409,82,83,80,81,-2,2,TRUE,TRUE,TRUE,3,90,1,1,88,TRUE,Reliable,unique_valid_peak,,
410,257,258,254,255,-3,3,FALSE,TRUE,TRUE,3,264,1,1,87,TRUE,Reliable,unique_valid_peak,,
411,89,90,87,88,-2,2,TRUE,TRUE,TRUE,3,97,1,1,80,TRUE,Reliable,unique_valid_peak,,
412,403,404,289,290,-114,114,FALSE,FALSE,FALSE,2,305,1,1,89,TRUE,Error > 50 ms,unique_valid_peak,,
413,90,91,88,89,-2,2,TRUE,TRUE,TRUE,3,90,1,1,94,TRUE,Reliable,unique_valid_peak,,
414,433,434,543,544,110,110,FALSE,FALSE,FALSE,2,562,1,1,80,TRUE,Error > 50 ms,unique_valid_peak,,
415,242,243,239,240,-3,3,FALSE,TRUE,TRUE,4,242,1,1,79,TRUE,Reliable,unique_valid_peak,,
416,240,241,236,237,-4,4,FALSE,TRUE,TRUE,4,239,1,1,83,TRUE,Reliable,unique_valid_peak,,
417,209,210,205,206,-4,4,FALSE,TRUE,TRUE,4,208,1,1,90,TRUE,Reliable,unique_valid_peak,,
418,265,266,262,263,-3,3,FALSE,TRUE,TRUE,4,265,1,1,79,TRUE,Reliable,unique_valid_peak,,
419,8,9,7,8,-1,1,TRUE,TRUE,TRUE,5,9,1,1,78,TRUE,Reliable,unique_valid_peak,,
420,341,342,340,341,-1,1,TRUE,TRUE,TRUE,4,347,2,1,83,TRUE,Reliable,unique_valid_peak,,
421,289,290,287,288,-2,2,TRUE,TRUE,TRUE,5,294,1,1,95,TRUE,Reliable,unique_valid_peak,,
422,853,854,851,852,-2,2,TRUE,TRUE,TRUE,3,853,1,1,94,TRUE,Reliable,unique_valid_peak,,
423,745,746,743,744,-2,2,TRUE,TRUE,TRUE,3,744,1,1,94,TRUE,Reliable,unique_valid_peak,,
424,497,498,495,496,-2,2,TRUE,TRUE,TRUE,5,502,1,1,85,TRUE,Reliable,unique_valid_peak,,
425,805,806,803,804,-2,2,TRUE,TRUE,TRUE,3,805,1,1,91,TRUE,Reliable,unique_valid_peak,,
426,926,927,922,923,-4,4,FALSE,TRUE,TRUE,2,934,1,1,89,TRUE,Reliable,unique_valid_peak,,
427,995,996,994,995,-1,1,TRUE,TRUE,TRUE,4,996,1,1,94,TRUE,Reliable,unique_valid_peak,,
428,130,131,129,130,-1,1,TRUE,TRUE,TRUE,4,131,1,1,90,TRUE,Reliable,unique_valid_peak,,
429,717,718,716,717,-1,1,TRUE,TRUE,TRUE,4,718,1,1,84,TRUE,Reliable,unique_valid_peak,,
430,720,721,718,719,-2,2,TRUE,TRUE,TRUE,3,727,1,1,91,TRUE,Reliable,unique_valid_peak,,
431,674,675,673,674,-1,1,TRUE,TRUE,TRUE,4,675,1,1,89,TRUE,Reliable,unique_valid_peak,,
432,736,737,734,735,-2,2,TRUE,TRUE,TRUE,3,743,1,1,90,TRUE,Reliable,unique_valid_peak,,
433,277,278,276,277,-1,1,TRUE,TRUE,TRUE,5,278,1,1,88,TRUE,Reliable,unique_valid_peak,,
434,107,108,106,107,-1,1,TRUE,TRUE,TRUE,5,113,2,1,86,TRUE,Reliable,unique_valid_peak,,
435,181,182,179,180,-2,2,TRUE,TRUE,TRUE,5,186,1,1,80,TRUE,Reliable,unique_valid_peak,,
436,379,380,378,379,-1,1,TRUE,TRUE,TRUE,6,384,2,1,83,TRUE,Reliable,unique_valid_peak,,
437,142,143,140,141,-2,2,TRUE,TRUE,TRUE,5,147,1,1,83,TRUE,Reliable,unique_valid_peak,,
438,105,106,103,104,-2,2,TRUE,TRUE,TRUE,5,110,1,1,67,TRUE,Reliable,unique_valid_peak,,
439,212,213,210,211,-2,2,TRUE,TRUE,TRUE,5,211,1,1,69,TRUE,Reliable,unique_valid_peak,,
440,471,472,469,470,-2,2,TRUE,TRUE,TRUE,6,471,1,1,84,TRUE,Reliable,unique_valid_peak,,
441,390,391,389,390,-1,1,TRUE,TRUE,TRUE,5,391,3,1,85,TRUE,Reliable,unique_valid_peak,,
442,16,17,15,16,-1,1,TRUE,TRUE,TRUE,5,17,1,1,89,TRUE,Reliable,unique_valid_peak,,
443,31,32,30,31,-1,1,TRUE,TRUE,TRUE,4,38,1,1,84,TRUE,Reliable,unique_valid_peak,,
444,309,310,308,309,-1,1,TRUE,TRUE,TRUE,5,310,2,1,74,TRUE,Reliable,unique_valid_peak,,
445,201,202,199,200,-2,2,TRUE,TRUE,TRUE,4,201,1,1,84,TRUE,Reliable,unique_valid_peak,,
446,28,29,27,28,-1,1,TRUE,TRUE,TRUE,4,29,2,1,77,TRUE,Reliable,unique_valid_peak,,
447,15,16,14,15,-1,1,TRUE,TRUE,TRUE,4,22,2,1,80,TRUE,Reliable,unique_valid_peak,,
448,239,240,235,236,-4,4,FALSE,TRUE,TRUE,4,236,2,1,74,TRUE,Reliable,unique_valid_peak,,
449,312,313,309,310,-3,3,FALSE,TRUE,TRUE,4,318,2,1,73,TRUE,Reliable,unique_valid_peak,,
450,,,,,,,FALSE,FALSE,FALSE,,,,,,FALSE,Failed,,人工标签 0 超出信号范围 1~1000。,
451,0,1,59,60,59,59,FALSE,FALSE,FALSE,3,60,1,1,100,TRUE,Error > 50 ms,unique_valid_peak,,
452,15,16,12,13,-3,3,FALSE,TRUE,TRUE,4,27,3,1,100,TRUE,Reliable,unique_valid_peak,,
453,37,38,36,37,-1,1,TRUE,TRUE,TRUE,5,45,1,1,100,TRUE,Reliable,unique_valid_peak,,
454,31,32,30,31,-1,1,TRUE,TRUE,TRUE,5,38,1,1,99,TRUE,Reliable,unique_valid_peak,,
455,30,31,31,32,1,1,TRUE,TRUE,TRUE,5,40,4,1,99,TRUE,Reliable,unique_valid_peak,,
456,19,20,16,17,-3,3,FALSE,TRUE,TRUE,4,21,1,1,99,TRUE,Reliable,unique_valid_peak,,
457,7,8,11,12,4,4,FALSE,TRUE,TRUE,7,12,1,1,97,TRUE,Reliable,unique_valid_peak,,
458,11,12,15,16,4,4,FALSE,TRUE,TRUE,7,15,1,1,98,TRUE,Reliable,unique_valid_peak,,
459,13,14,110,111,97,97,FALSE,FALSE,FALSE,3,112,1,1,100,TRUE,Error > 50 ms,unique_valid_peak,,
460,112,113,209,210,97,97,FALSE,FALSE,FALSE,3,212,1,1,100,TRUE,Error > 50 ms,unique_valid_peak,,
461,105,106,201,202,96,96,FALSE,FALSE,FALSE,3,210,1,1,100,TRUE,Error > 50 ms,unique_valid_peak,,
462,16,17,112,113,96,96,FALSE,FALSE,FALSE,3,121,1,1,100,TRUE,Error > 50 ms,unique_valid_peak,,
463,26,27,122,123,96,96,FALSE,FALSE,FALSE,4,125,1,1,100,TRUE,Error > 50 ms,unique_valid_peak,,
464,57,58,153,154,96,96,FALSE,FALSE,FALSE,3,162,1,1,100,TRUE,Error > 50 ms,unique_valid_peak,,
465,40,41,136,137,96,96,FALSE,FALSE,FALSE,3,139,1,1,100,TRUE,Error > 50 ms,unique_valid_peak,,
466,69,70,165,166,96,96,FALSE,FALSE,FALSE,4,168,1,1,100,TRUE,Error > 50 ms,unique_valid_peak,,
467,2,3,98,99,96,96,FALSE,FALSE,FALSE,5,106,1,1,100,TRUE,Error > 50 ms,unique_valid_peak,,
468,106,107,202,203,96,96,FALSE,FALSE,FALSE,4,205,1,1,100,TRUE,Error > 50 ms,unique_valid_peak,,
469,34,35,131,132,97,97,FALSE,FALSE,FALSE,6,134,1,1,100,TRUE,Error > 50 ms,unique_valid_peak,,
470,93,94,192,193,99,99,FALSE,FALSE,FALSE,5,199,1,1,100,TRUE,Error > 50 ms,unique_valid_peak,,
471,3,4,100,101,97,97,FALSE,FALSE,FALSE,5,103,1,1,100,TRUE,Error > 50 ms,unique_valid_peak,,
472,13,14,112,113,99,99,FALSE,FALSE,FALSE,5,115,1,1,99,TRUE,Error > 50 ms,unique_valid_peak,,
473,125,126,220,221,95,95,FALSE,FALSE,FALSE,5,223,1,1,96,TRUE,Error > 50 ms,unique_valid_peak,,
474,114,115,209,210,95,95,FALSE,FALSE,FALSE,4,212,1,1,99,TRUE,Error > 50 ms,unique_valid_peak,,
475,59,60,154,155,95,95,FALSE,FALSE,FALSE,6,162,1,1,90,TRUE,Error > 50 ms,unique_valid_peak,,
476,103,104,202,203,99,99,FALSE,FALSE,FALSE,4,210,1,1,100,TRUE,Error > 50 ms,unique_valid_peak,,
477,44,45,143,144,99,99,FALSE,FALSE,FALSE,4,146,1,1,95,TRUE,Error > 50 ms,unique_valid_peak,,
478,100,101,199,200,99,99,FALSE,FALSE,FALSE,4,207,1,1,100,TRUE,Error > 50 ms,unique_valid_peak,,
479,43,44,42,43,-1,1,TRUE,TRUE,TRUE,8,44,1,1,96,TRUE,Reliable,unique_valid_peak,,
480,28,29,26,27,-2,2,TRUE,TRUE,TRUE,5,27,1,1,99,TRUE,Reliable,unique_valid_peak,,
481,36,37,35,36,-1,1,TRUE,TRUE,TRUE,6,36,1,1,100,TRUE,Reliable,unique_valid_peak,,
482,45,46,44,45,-1,1,TRUE,TRUE,TRUE,7,51,1,1,96,TRUE,Reliable,unique_valid_peak,,
483,14,15,12,13,-2,2,TRUE,TRUE,TRUE,6,20,1,1,97,TRUE,Reliable,unique_valid_peak,,
484,22,23,20,21,-2,2,TRUE,TRUE,TRUE,8,29,4,1,94,TRUE,Reliable,unique_valid_peak,,
485,3,4,894,895,891,891,FALSE,FALSE,FALSE,2,897,1,1,98,TRUE,Error > 50 ms,unique_valid_peak,,
486,49,50,47,48,-2,2,TRUE,TRUE,TRUE,3,56,2,1,97,TRUE,Reliable,unique_valid_peak,,
487,40,41,38,39,-2,2,TRUE,TRUE,TRUE,3,47,1,1,99,TRUE,Reliable,unique_valid_peak,,
488,34,35,32,33,-2,2,TRUE,TRUE,TRUE,4,41,2,1,100,TRUE,Reliable,unique_valid_peak,,
489,22,23,20,21,-2,2,TRUE,TRUE,TRUE,3,29,1,1,97,TRUE,Reliable,unique_valid_peak,,
490,9,10,7,8,-2,2,TRUE,TRUE,TRUE,3,17,2,1,96,TRUE,Reliable,unique_valid_peak,,
491,19,20,17,18,-2,2,TRUE,TRUE,TRUE,3,27,1,1,91,TRUE,Reliable,unique_valid_peak,,
492,13,14,11,12,-2,2,TRUE,TRUE,TRUE,4,13,3,1,94,TRUE,Reliable,unique_valid_peak,,
493,37,38,34,35,-3,3,FALSE,TRUE,TRUE,5,36,4,1,93,TRUE,Reliable,unique_valid_peak,,
494,124,125,121,122,-3,3,FALSE,TRUE,TRUE,3,130,1,1,99,TRUE,Reliable,unique_valid_peak,,
495,285,286,282,283,-3,3,FALSE,TRUE,TRUE,4,291,1,1,83,TRUE,Reliable,unique_valid_peak,,
496,807,808,805,806,-2,2,TRUE,TRUE,TRUE,2,808,1,1,90,TRUE,Reliable,unique_valid_peak,,
497,289,290,286,287,-3,3,FALSE,TRUE,TRUE,4,295,1,1,89,TRUE,Reliable,unique_valid_peak,,
498,624,625,622,623,-2,2,TRUE,TRUE,TRUE,3,632,1,1,89,TRUE,Reliable,unique_valid_peak,,
499,258,259,255,256,-3,3,FALSE,TRUE,TRUE,3,264,1,1,99,TRUE,Reliable,unique_valid_peak,,
500,15,16,12,13,-3,3,FALSE,TRUE,TRUE,4,21,1,1,86,TRUE,Reliable,unique_valid_peak,,
501,190,191,244,245,54,54,FALSE,FALSE,FALSE,2,250,1,1,99,TRUE,Error > 50 ms,unique_valid_peak,,
502,302,303,299,300,-3,3,FALSE,TRUE,TRUE,4,311,1,1,91,TRUE,Reliable,unique_valid_peak,,
503,245,246,243,244,-2,2,TRUE,TRUE,TRUE,4,246,1,1,90,TRUE,Reliable,unique_valid_peak,,
504,266,267,264,265,-2,2,TRUE,TRUE,TRUE,6,268,1,1,84,TRUE,Reliable,unique_valid_peak,,
505,264,265,262,263,-2,2,TRUE,TRUE,TRUE,3,273,1,1,91,TRUE,Reliable,unique_valid_peak,,
506,251,252,250,251,-1,1,TRUE,TRUE,TRUE,3,254,1,1,84,TRUE,Reliable,unique_valid_peak,,
507,231,232,668,669,437,437,FALSE,FALSE,FALSE,2,701,1,1,86,TRUE,Error > 50 ms,unique_valid_peak,,
508,7,8,24,25,17,17,FALSE,FALSE,FALSE,2,35,1,1,96,TRUE,Reliable,unique_valid_peak,,
509,309,310,309,310,0,0,TRUE,TRUE,TRUE,3,320,1,1,80,TRUE,Reliable,unique_valid_peak,,
510,358,359,357,358,-1,1,TRUE,TRUE,TRUE,2,361,1,1,91,TRUE,Reliable,unique_valid_peak,,
511,137,138,681,682,544,544,FALSE,FALSE,FALSE,2,684,1,1,79,TRUE,Error > 50 ms,unique_valid_peak,,
512,132,133,342,343,210,210,FALSE,FALSE,FALSE,2,392,1,1,76,TRUE,Error > 50 ms,unique_valid_peak,,
513,227,228,224,225,-3,3,FALSE,TRUE,TRUE,4,227,1,1,79,TRUE,Reliable,unique_valid_peak,,
514,187,188,188,189,1,1,TRUE,TRUE,TRUE,8,194,6,1,100,TRUE,Reliable,unique_valid_peak,,
515,157,158,157,158,0,0,TRUE,TRUE,TRUE,7,163,5,1,100,TRUE,Reliable,unique_valid_peak,,
516,199,200,200,201,1,1,TRUE,TRUE,TRUE,7,206,1,1,100,TRUE,Reliable,unique_valid_peak,,
517,316,317,316,317,0,0,TRUE,TRUE,TRUE,7,323,1,1,96,TRUE,Reliable,unique_valid_peak,,
518,66,67,67,68,1,1,TRUE,TRUE,TRUE,7,69,1,1,99,TRUE,Reliable,unique_valid_peak,,
519,286,287,286,287,0,0,TRUE,TRUE,TRUE,5,292,1,1,100,TRUE,Reliable,unique_valid_peak,,
520,259,260,260,261,1,1,TRUE,TRUE,TRUE,7,261,1,1,100,TRUE,Reliable,unique_valid_peak,,
521,278,279,279,280,1,1,TRUE,TRUE,TRUE,9,280,1,1,100,TRUE,Reliable,unique_valid_peak,,
522,348,349,349,350,1,1,TRUE,TRUE,TRUE,8,355,1,1,99,TRUE,Reliable,unique_valid_peak,,
523,118,119,119,120,1,1,TRUE,TRUE,TRUE,7,125,4,1,98,TRUE,Reliable,unique_valid_peak,,
524,139,140,140,141,1,1,TRUE,TRUE,TRUE,7,141,1,1,97,TRUE,Reliable,unique_valid_peak,,
525,246,247,247,248,1,1,TRUE,TRUE,TRUE,6,249,1,1,98,TRUE,Reliable,unique_valid_peak,,
526,92,93,92,93,0,0,TRUE,TRUE,TRUE,8,94,1,1,94,TRUE,Reliable,unique_valid_peak,,
527,244,245,245,246,1,1,TRUE,TRUE,TRUE,9,250,1,1,93,TRUE,Reliable,unique_valid_peak,,
528,288,289,290,291,2,2,TRUE,TRUE,TRUE,9,294,5,1,100,TRUE,Reliable,unique_valid_peak,,
529,11,12,10,11,-1,1,TRUE,TRUE,TRUE,5,18,2,1,98,TRUE,Reliable,unique_valid_peak,,
530,286,287,282,283,-4,4,FALSE,TRUE,TRUE,2,294,1,1,100,TRUE,Reliable,unique_valid_peak,,
531,178,179,181,182,3,3,FALSE,TRUE,TRUE,2,192,1,1,100,TRUE,Reliable,unique_valid_peak,,
532,556,557,558,559,2,2,TRUE,TRUE,TRUE,2,574,1,1,100,TRUE,Reliable,unique_valid_peak,,
533,33,34,35,36,2,2,TRUE,TRUE,TRUE,2,49,1,1,100,TRUE,Reliable,unique_valid_peak,,
534,665,666,667,668,2,2,TRUE,TRUE,TRUE,2,682,1,1,100,TRUE,Reliable,unique_valid_peak,,
535,400,401,401,402,1,1,TRUE,TRUE,TRUE,2,421,1,1,97,TRUE,Reliable,unique_valid_peak,,
536,120,121,120,121,0,0,TRUE,TRUE,TRUE,2,137,1,1,99,TRUE,Reliable,unique_valid_peak,,
537,31,32,30,31,-1,1,TRUE,TRUE,TRUE,2,47,1,1,96,TRUE,Reliable,unique_valid_peak,,
538,550,551,554,555,4,4,FALSE,TRUE,TRUE,2,574,1,1,95,TRUE,Reliable,unique_valid_peak,,
539,648,649,649,650,1,1,TRUE,TRUE,TRUE,2,663,1,1,100,TRUE,Reliable,unique_valid_peak,,
540,207,208,208,209,1,1,TRUE,TRUE,TRUE,2,222,1,1,93,TRUE,Reliable,unique_valid_peak,,
541,525,526,526,527,1,1,TRUE,TRUE,TRUE,2,540,1,1,95,TRUE,Reliable,unique_valid_peak,,
542,475,476,476,477,1,1,TRUE,TRUE,TRUE,2,490,1,1,89,TRUE,Reliable,unique_valid_peak,,
543,617,618,618,619,1,1,TRUE,TRUE,TRUE,2,632,1,1,93,TRUE,Reliable,unique_valid_peak,,
544,118,119,118,119,0,0,TRUE,TRUE,TRUE,2,130,1,1,100,TRUE,Reliable,unique_valid_peak,,
545,42,43,43,44,1,1,TRUE,TRUE,TRUE,2,54,1,1,99,TRUE,Reliable,unique_valid_peak,,
546,623,624,620,621,-3,3,FALSE,TRUE,TRUE,2,631,1,1,96,TRUE,Reliable,unique_valid_peak,,
547,359,360,360,361,1,1,TRUE,TRUE,TRUE,2,371,1,1,95,TRUE,Reliable,unique_valid_peak,,
548,320,321,320,321,0,0,TRUE,TRUE,TRUE,2,331,1,1,90,TRUE,Reliable,unique_valid_peak,,
549,699,700,696,697,-3,3,FALSE,TRUE,TRUE,2,707,1,1,92,TRUE,Reliable,unique_valid_peak,,
550,452,453,452,453,0,0,TRUE,TRUE,TRUE,2,464,1,1,91,TRUE,Reliable,unique_valid_peak,,
551,0,1,3,4,3,3,FALSE,TRUE,TRUE,3,8,1,1,100,TRUE,Reliable,unique_valid_peak,,
552,306,307,303,304,-3,3,FALSE,TRUE,TRUE,3,315,1,1,95,TRUE,Reliable,unique_valid_peak,,
553,107,108,105,106,-2,2,TRUE,TRUE,TRUE,2,123,1,1,96,TRUE,Reliable,unique_valid_peak,,
554,252,253,,,,,FALSE,FALSE,FALSE,10,256,5,2,100,FALSE,Unreliable,multiple_valid_peaks_at_cmax,,
555,310,311,,,,,FALSE,FALSE,FALSE,10,324,8,2,99,FALSE,Unreliable,multiple_valid_peaks_at_cmax,,
556,917,918,963,964,46,46,FALSE,FALSE,FALSE,9,963,1,1,100,TRUE,Reliable,unique_valid_peak,,
557,99,100,104,105,5,5,FALSE,TRUE,TRUE,2,117,1,1,100,TRUE,Reliable,unique_valid_peak,,
558,706,707,,,,,FALSE,FALSE,FALSE,10,708,9,2,100,FALSE,Unreliable,multiple_valid_peaks_at_cmax,,
559,706,707,,,,,FALSE,FALSE,FALSE,10,708,8,2,100,FALSE,Unreliable,multiple_valid_peaks_at_cmax,,
560,802,803,788,789,-14,14,FALSE,FALSE,FALSE,2,801,1,1,100,TRUE,Reliable,unique_valid_peak,,
561,951,952,969,970,18,18,FALSE,FALSE,FALSE,3,971,1,1,100,TRUE,Reliable,unique_valid_peak,,
562,802,803,849,850,47,47,FALSE,FALSE,FALSE,6,849,1,1,100,TRUE,Reliable,unique_valid_peak,,
563,775,776,819,820,44,44,FALSE,FALSE,FALSE,9,820,1,1,100,TRUE,Reliable,unique_valid_peak,,
564,302,303,,,,,FALSE,FALSE,FALSE,10,317,7,2,100,FALSE,Unreliable,multiple_valid_peaks_at_cmax,,
565,11,12,,,,,FALSE,FALSE,FALSE,10,25,6,2,100,FALSE,Unreliable,multiple_valid_peaks_at_cmax,,
566,629,630,676,677,47,47,FALSE,FALSE,FALSE,10,682,1,1,100,TRUE,Reliable,unique_valid_peak,,
567,103,104,139,140,36,36,FALSE,FALSE,FALSE,7,141,1,1,98,TRUE,Reliable,unique_valid_peak,,
568,535,536,578,579,43,43,FALSE,FALSE,FALSE,7,584,1,1,100,TRUE,Reliable,unique_valid_peak,,
569,54,55,42,43,-12,12,FALSE,FALSE,FALSE,2,45,1,1,96,TRUE,Reliable,unique_valid_peak,,
570,312,313,312,313,0,0,TRUE,TRUE,TRUE,4,315,1,1,96,TRUE,Reliable,unique_valid_peak,,
571,640,641,647,648,7,7,FALSE,FALSE,TRUE,4,650,1,1,91,TRUE,Reliable,unique_valid_peak,,
572,265,266,268,269,3,3,FALSE,TRUE,TRUE,3,278,1,1,93,TRUE,Reliable,unique_valid_peak,,
573,150,151,152,153,2,2,TRUE,TRUE,TRUE,3,155,1,1,91,TRUE,Reliable,unique_valid_peak,,
574,606,607,609,610,3,3,FALSE,TRUE,TRUE,3,611,1,1,92,TRUE,Reliable,unique_valid_peak,,
575,352,353,352,353,0,0,TRUE,TRUE,TRUE,3,362,2,1,90,TRUE,Reliable,unique_valid_peak,,
576,828,829,829,830,1,1,TRUE,TRUE,TRUE,4,839,1,1,93,TRUE,Reliable,unique_valid_peak,,
577,653,654,655,656,2,2,TRUE,TRUE,TRUE,4,658,2,1,88,TRUE,Reliable,unique_valid_peak,,
578,143,144,144,145,1,1,TRUE,TRUE,TRUE,3,153,2,1,84,TRUE,Reliable,unique_valid_peak,,
579,711,712,711,712,0,0,TRUE,TRUE,TRUE,4,714,2,1,83,TRUE,Reliable,unique_valid_peak,,
580,633,634,633,634,0,0,TRUE,TRUE,TRUE,4,637,1,1,94,TRUE,Reliable,unique_valid_peak,,
581,238,239,237,238,-1,1,TRUE,TRUE,TRUE,4,246,3,1,83,TRUE,Reliable,unique_valid_peak,,
582,730,731,729,730,-1,1,TRUE,TRUE,TRUE,4,732,1,1,91,TRUE,Reliable,unique_valid_peak,,
583,621,622,618,619,-3,3,FALSE,TRUE,TRUE,2,622,1,1,96,TRUE,Reliable,unique_valid_peak,,
584,189,190,186,187,-3,3,FALSE,TRUE,TRUE,3,195,1,1,100,TRUE,Reliable,unique_valid_peak,,
585,119,120,120,121,1,1,TRUE,TRUE,TRUE,4,121,1,1,99,TRUE,Reliable,unique_valid_peak,,
586,935,936,931,932,-4,4,FALSE,TRUE,TRUE,2,934,1,1,100,TRUE,Reliable,unique_valid_peak,,
587,284,285,283,284,-1,1,TRUE,TRUE,TRUE,3,285,1,1,100,TRUE,Reliable,unique_valid_peak,,
588,652,653,454,455,-198,198,FALSE,FALSE,FALSE,2,503,1,1,100,TRUE,Error > 50 ms,unique_valid_peak,,
589,829,830,634,635,-195,195,FALSE,FALSE,FALSE,2,676,1,1,100,TRUE,Error > 50 ms,unique_valid_peak,,
590,637,638,635,636,-2,2,TRUE,TRUE,TRUE,2,638,1,1,99,TRUE,Reliable,unique_valid_peak,,
591,366,367,366,367,0,0,TRUE,TRUE,TRUE,3,374,1,1,100,TRUE,Reliable,unique_valid_peak,,
592,647,648,644,645,-3,3,FALSE,TRUE,TRUE,2,655,1,1,99,TRUE,Reliable,unique_valid_peak,,
593,302,303,303,304,1,1,TRUE,TRUE,TRUE,4,305,1,1,94,TRUE,Reliable,unique_valid_peak,,
594,800,801,800,801,0,0,TRUE,TRUE,TRUE,4,802,1,1,91,TRUE,Reliable,unique_valid_peak,,
595,846,847,844,845,-2,2,TRUE,TRUE,TRUE,2,854,1,1,96,TRUE,Reliable,unique_valid_peak,,
596,141,142,141,142,0,0,TRUE,TRUE,TRUE,4,143,2,1,86,TRUE,Reliable,unique_valid_peak,,
597,119,120,118,119,-1,1,TRUE,TRUE,TRUE,4,120,1,1,89,TRUE,Reliable,unique_valid_peak,,
598,23,24,24,25,1,1,TRUE,TRUE,TRUE,4,26,3,1,90,TRUE,Reliable,unique_valid_peak,,
599,238,239,237,238,-1,1,TRUE,TRUE,TRUE,4,245,1,1,100,TRUE,Reliable,unique_valid_peak,,
600,762,763,760,761,-2,2,TRUE,TRUE,TRUE,2,763,1,1,100,TRUE,Reliable,unique_valid_peak,,
601,472,473,469,470,-3,3,FALSE,TRUE,TRUE,2,471,1,1,100,TRUE,Reliable,unique_valid_peak,,
602,478,479,475,476,-3,3,FALSE,TRUE,TRUE,2,485,1,1,92,TRUE,Reliable,unique_valid_peak,,
603,348,349,347,348,-1,1,TRUE,TRUE,TRUE,2,360,1,1,90,TRUE,Reliable,unique_valid_peak,,
604,162,163,159,160,-3,3,FALSE,TRUE,TRUE,3,170,1,1,100,TRUE,Reliable,unique_valid_peak,,
605,387,388,386,387,-1,1,TRUE,TRUE,TRUE,5,396,1,1,79,TRUE,Reliable,unique_valid_peak,,
606,365,366,367,368,2,2,TRUE,TRUE,TRUE,2,378,1,1,87,TRUE,Reliable,unique_valid_peak,,
607,143,144,144,145,1,1,TRUE,TRUE,TRUE,2,155,1,1,90,TRUE,Reliable,unique_valid_peak,,
608,1,2,6,7,5,5,FALSE,TRUE,TRUE,2,17,1,1,94,TRUE,Reliable,unique_valid_peak,,
609,41,42,45,46,4,4,FALSE,TRUE,TRUE,2,57,1,1,89,TRUE,Reliable,unique_valid_peak,,
610,185,186,187,188,2,2,TRUE,TRUE,TRUE,2,198,1,1,86,TRUE,Reliable,unique_valid_peak,,
611,328,329,326,327,-2,2,TRUE,TRUE,TRUE,2,339,1,1,100,TRUE,Reliable,unique_valid_peak,,
612,270,271,274,275,4,4,FALSE,TRUE,TRUE,2,286,1,1,82,TRUE,Reliable,unique_valid_peak,,
613,315,316,313,314,-2,2,TRUE,TRUE,TRUE,2,326,1,1,84,TRUE,Reliable,unique_valid_peak,,
614,383,384,385,386,2,2,TRUE,TRUE,TRUE,3,398,1,1,84,TRUE,Reliable,unique_valid_peak,,
615,294,295,294,295,0,0,TRUE,TRUE,TRUE,2,307,1,1,84,TRUE,Reliable,unique_valid_peak,,
616,211,212,211,212,0,0,TRUE,TRUE,TRUE,2,224,1,1,80,TRUE,Reliable,unique_valid_peak,,
617,6,7,3,4,-3,3,FALSE,TRUE,TRUE,2,15,1,1,99,TRUE,Reliable,unique_valid_peak,,
618,234,235,233,234,-1,1,TRUE,TRUE,TRUE,3,236,1,1,82,TRUE,Reliable,unique_valid_peak,,
619,393,394,391,392,-2,2,TRUE,TRUE,TRUE,2,402,1,1,100,TRUE,Reliable,unique_valid_peak,,
620,246,247,244,245,-2,2,TRUE,TRUE,TRUE,3,255,1,1,82,TRUE,Reliable,unique_valid_peak,,
621,79,80,101,102,22,22,FALSE,FALSE,FALSE,4,109,1,1,83,TRUE,Reliable,unique_valid_peak,,
622,365,366,398,399,33,33,FALSE,FALSE,FALSE,5,400,1,1,89,TRUE,Reliable,unique_valid_peak,,
623,137,138,160,161,23,23,FALSE,FALSE,FALSE,4,169,1,1,94,TRUE,Reliable,unique_valid_peak,,
624,125,126,146,147,21,21,FALSE,FALSE,FALSE,4,154,1,1,87,TRUE,Reliable,unique_valid_peak,,
625,459,460,482,483,23,23,FALSE,FALSE,FALSE,4,485,1,1,85,TRUE,Reliable,unique_valid_peak,,
626,403,404,424,425,21,21,FALSE,FALSE,FALSE,4,433,1,1,87,TRUE,Reliable,unique_valid_peak,,
627,141,142,161,162,20,20,FALSE,FALSE,FALSE,4,170,1,1,91,TRUE,Reliable,unique_valid_peak,,
628,679,680,699,700,20,20,FALSE,FALSE,FALSE,4,701,1,1,90,TRUE,Reliable,unique_valid_peak,,
629,728,729,750,751,22,22,FALSE,FALSE,FALSE,5,759,1,1,85,TRUE,Reliable,unique_valid_peak,,
630,138,139,166,167,28,28,FALSE,FALSE,FALSE,4,173,1,1,83,TRUE,Reliable,unique_valid_peak,,
631,129,130,154,155,25,25,FALSE,FALSE,FALSE,4,162,1,1,79,TRUE,Reliable,unique_valid_peak,,
632,346,347,363,364,17,17,FALSE,FALSE,FALSE,3,375,1,1,83,TRUE,Reliable,unique_valid_peak,,
633,350,351,371,372,21,21,FALSE,FALSE,FALSE,8,374,1,1,77,TRUE,Reliable,unique_valid_peak,,
634,976,977,974,975,-2,2,TRUE,TRUE,TRUE,2,985,1,1,86,TRUE,Reliable,unique_valid_peak,,
635,702,703,722,723,20,20,FALSE,FALSE,FALSE,4,728,1,1,67,TRUE,Reliable,unique_valid_peak,,
636,367,368,388,389,21,21,FALSE,FALSE,FALSE,3,390,1,1,90,TRUE,Reliable,unique_valid_peak,,
637,349,350,383,384,34,34,FALSE,FALSE,FALSE,4,391,1,1,87,TRUE,Reliable,unique_valid_peak,,
638,66,67,89,90,23,23,FALSE,FALSE,FALSE,4,97,1,1,93,TRUE,Reliable,unique_valid_peak,,
639,335,336,361,362,26,26,FALSE,FALSE,FALSE,4,369,1,1,93,TRUE,Reliable,unique_valid_peak,,
640,212,213,218,219,6,6,FALSE,FALSE,TRUE,3,228,1,1,99,TRUE,Reliable,unique_valid_peak,,
641,9,10,16,17,7,7,FALSE,FALSE,TRUE,3,18,1,1,100,TRUE,Reliable,unique_valid_peak,,
642,847,848,852,853,5,5,FALSE,TRUE,TRUE,2,865,1,1,100,TRUE,Reliable,unique_valid_peak,,
643,100,101,109,110,9,9,FALSE,FALSE,TRUE,3,111,1,1,100,TRUE,Reliable,unique_valid_peak,,
644,51,52,61,62,10,10,FALSE,FALSE,TRUE,3,71,1,1,99,TRUE,Reliable,unique_valid_peak,,
645,194,195,203,204,9,9,FALSE,FALSE,TRUE,3,213,1,1,99,TRUE,Reliable,unique_valid_peak,,
646,957,958,965,966,8,8,FALSE,FALSE,TRUE,2,978,1,1,100,TRUE,Reliable,unique_valid_peak,,
647,701,702,711,712,10,10,FALSE,FALSE,TRUE,3,721,1,1,100,TRUE,Reliable,unique_valid_peak,,
648,309,310,318,319,9,9,FALSE,FALSE,TRUE,3,328,1,1,97,TRUE,Reliable,unique_valid_peak,,
649,716,717,728,729,12,12,FALSE,FALSE,FALSE,3,738,1,1,100,TRUE,Reliable,unique_valid_peak,,
650,368,369,375,376,7,7,FALSE,FALSE,TRUE,3,385,1,1,98,TRUE,Reliable,unique_valid_peak,,
651,211,212,221,222,10,10,FALSE,FALSE,TRUE,3,223,1,1,93,TRUE,Reliable,unique_valid_peak,,
652,87,88,95,96,8,8,FALSE,FALSE,TRUE,3,97,1,1,98,TRUE,Reliable,unique_valid_peak,,
653,879,880,884,885,5,5,FALSE,TRUE,TRUE,2,897,1,1,84,TRUE,Reliable,unique_valid_peak,,
654,619,620,623,624,4,4,FALSE,TRUE,TRUE,2,636,1,1,97,TRUE,Reliable,unique_valid_peak,,
655,243,244,249,250,6,6,FALSE,FALSE,TRUE,3,250,2,1,90,TRUE,Reliable,unique_valid_peak,,
656,170,171,176,177,6,6,FALSE,FALSE,TRUE,3,178,1,1,93,TRUE,Reliable,unique_valid_peak,,
657,44,45,50,51,6,6,FALSE,FALSE,TRUE,3,52,1,1,79,TRUE,Reliable,unique_valid_peak,,
658,763,764,770,771,7,7,FALSE,FALSE,TRUE,3,779,1,1,89,TRUE,Reliable,unique_valid_peak,,
659,921,922,926,927,5,5,FALSE,TRUE,TRUE,2,928,1,1,85,TRUE,Reliable,unique_valid_peak,,
660,875,876,879,880,4,4,FALSE,TRUE,TRUE,2,882,1,1,87,TRUE,Reliable,unique_valid_peak,,
661,27,28,35,36,8,8,FALSE,FALSE,TRUE,3,45,1,1,99,TRUE,Reliable,unique_valid_peak,,
662,337,338,344,345,7,7,FALSE,FALSE,TRUE,4,352,1,1,97,TRUE,Reliable,unique_valid_peak,,
663,774,775,779,780,5,5,FALSE,TRUE,TRUE,2,782,1,1,100,TRUE,Reliable,unique_valid_peak,,
664,167,168,174,175,7,7,FALSE,FALSE,TRUE,3,176,1,1,100,TRUE,Reliable,unique_valid_peak,,
665,731,732,729,730,-2,2,TRUE,TRUE,TRUE,3,730,1,1,96,TRUE,Reliable,unique_valid_peak,,
666,647,648,645,646,-2,2,TRUE,TRUE,TRUE,3,648,2,1,84,TRUE,Reliable,unique_valid_peak,,
667,302,303,299,300,-3,3,FALSE,TRUE,TRUE,2,301,1,1,96,TRUE,Reliable,unique_valid_peak,,
668,653,654,651,652,-2,2,TRUE,TRUE,TRUE,2,655,1,1,100,TRUE,Reliable,unique_valid_peak,,
669,702,703,700,701,-2,2,TRUE,TRUE,TRUE,2,702,1,1,94,TRUE,Reliable,unique_valid_peak,,
670,895,896,893,894,-2,2,TRUE,TRUE,TRUE,2,899,1,1,88,TRUE,Reliable,unique_valid_peak,,
671,583,584,579,580,-4,4,FALSE,TRUE,TRUE,2,582,1,1,87,TRUE,Reliable,unique_valid_peak,,
672,196,197,195,196,-1,1,TRUE,TRUE,TRUE,3,198,1,1,100,TRUE,Reliable,unique_valid_peak,,
673,681,682,678,679,-3,3,FALSE,TRUE,TRUE,2,683,1,1,84,TRUE,Reliable,unique_valid_peak,,
674,668,669,666,667,-2,2,TRUE,TRUE,TRUE,2,678,1,1,85,TRUE,Reliable,unique_valid_peak,,
675,970,971,968,969,-2,2,TRUE,TRUE,TRUE,2,972,1,1,82,TRUE,Reliable,unique_valid_peak,,
676,365,366,363,364,-2,2,TRUE,TRUE,TRUE,2,366,1,1,86,TRUE,Reliable,unique_valid_peak,,
677,563,564,560,561,-3,3,FALSE,TRUE,TRUE,3,565,1,1,84,TRUE,Reliable,unique_valid_peak,,
678,167,168,165,166,-2,2,TRUE,TRUE,TRUE,3,176,2,1,89,TRUE,Reliable,unique_valid_peak,,
679,489,490,487,488,-2,2,TRUE,TRUE,TRUE,3,489,2,1,100,TRUE,Reliable,unique_valid_peak,,
680,659,660,655,656,-4,4,FALSE,TRUE,TRUE,2,668,1,1,95,TRUE,Reliable,unique_valid_peak,,
681,375,376,374,375,-1,1,TRUE,TRUE,TRUE,3,378,1,1,99,TRUE,Reliable,unique_valid_peak,,
682,747,748,744,745,-3,3,FALSE,TRUE,TRUE,4,746,1,1,94,TRUE,Reliable,unique_valid_peak,,
683,986,987,986,987,0,0,TRUE,TRUE,TRUE,3,996,1,1,100,TRUE,Reliable,unique_valid_peak,,
684,963,964,960,961,-3,3,FALSE,TRUE,TRUE,3,962,1,1,100,TRUE,Reliable,unique_valid_peak,,
685,915,916,913,914,-2,2,TRUE,TRUE,TRUE,3,922,1,1,99,TRUE,Reliable,unique_valid_peak,,
686,273,274,272,273,-1,1,TRUE,TRUE,TRUE,3,275,1,1,100,TRUE,Reliable,unique_valid_peak,,
687,854,855,851,852,-3,3,FALSE,TRUE,TRUE,3,853,1,1,99,TRUE,Reliable,unique_valid_peak,,
688,495,496,492,493,-3,3,FALSE,TRUE,TRUE,3,494,1,1,98,TRUE,Reliable,unique_valid_peak,,
689,380,381,377,378,-3,3,FALSE,TRUE,TRUE,3,379,1,1,100,TRUE,Reliable,unique_valid_peak,,
690,883,884,881,882,-2,2,TRUE,TRUE,TRUE,3,883,1,1,99,TRUE,Reliable,unique_valid_peak,,
691,178,179,177,178,-1,1,TRUE,TRUE,TRUE,3,180,1,1,100,TRUE,Reliable,unique_valid_peak,,
692,679,680,676,677,-3,3,FALSE,TRUE,TRUE,3,678,1,1,94,TRUE,Reliable,unique_valid_peak,,
693,753,754,754,755,1,1,TRUE,TRUE,TRUE,3,763,1,1,93,TRUE,Reliable,unique_valid_peak,,
694,693,694,693,694,0,0,TRUE,TRUE,TRUE,3,696,1,1,93,TRUE,Reliable,unique_valid_peak,,
695,677,678,678,679,1,1,TRUE,TRUE,TRUE,3,687,1,1,94,TRUE,Reliable,unique_valid_peak,,
696,381,382,381,382,0,0,TRUE,TRUE,TRUE,3,383,1,1,87,TRUE,Reliable,unique_valid_peak,,
697,54,55,57,58,3,3,FALSE,TRUE,TRUE,2,66,1,1,92,TRUE,Reliable,unique_valid_peak,,
698,819,820,819,820,0,0,TRUE,TRUE,TRUE,3,827,1,1,98,TRUE,Reliable,unique_valid_peak,,
699,494,495,494,495,0,0,TRUE,TRUE,TRUE,3,503,1,1,99,TRUE,Reliable,unique_valid_peak,,
700,545,546,547,548,2,2,TRUE,TRUE,TRUE,3,550,1,1,94,TRUE,Reliable,unique_valid_peak,,
701,453,454,451,452,-2,2,TRUE,TRUE,TRUE,3,460,1,1,86,TRUE,Reliable,unique_valid_peak,,
702,49,50,49,50,0,0,TRUE,TRUE,TRUE,3,52,1,1,90,TRUE,Reliable,unique_valid_peak,,
703,260,261,259,260,-1,1,TRUE,TRUE,TRUE,3,268,1,1,91,TRUE,Reliable,unique_valid_peak,,
704,394,395,392,393,-2,2,TRUE,TRUE,TRUE,3,394,1,1,99,TRUE,Reliable,unique_valid_peak,,
705,956,957,955,956,-1,1,TRUE,TRUE,TRUE,3,957,1,1,100,TRUE,Reliable,unique_valid_peak,,
706,417,418,415,416,-2,2,TRUE,TRUE,TRUE,3,417,1,1,100,TRUE,Reliable,unique_valid_peak,,
707,754,755,752,753,-2,2,TRUE,TRUE,TRUE,3,754,1,1,96,TRUE,Reliable,unique_valid_peak,,
708,293,294,295,296,2,2,TRUE,TRUE,TRUE,4,297,1,1,95,TRUE,Reliable,unique_valid_peak,,
709,30,31,33,34,3,3,FALSE,TRUE,TRUE,3,42,1,1,100,TRUE,Reliable,unique_valid_peak,,
710,397,398,400,401,3,3,FALSE,TRUE,TRUE,4,407,1,1,94,TRUE,Reliable,unique_valid_peak,,
711,433,434,435,436,2,2,TRUE,TRUE,TRUE,3,437,1,1,89,TRUE,Reliable,unique_valid_peak,,
712,338,339,340,341,2,2,TRUE,TRUE,TRUE,3,342,1,1,97,TRUE,Reliable,unique_valid_peak,,
713,305,306,308,309,3,3,FALSE,TRUE,TRUE,3,310,1,1,95,TRUE,Reliable,unique_valid_peak,,
714,264,265,267,268,3,3,FALSE,TRUE,TRUE,4,274,1,1,90,TRUE,Reliable,unique_valid_peak,,
715,,,,,,,FALSE,FALSE,FALSE,,,,,,FALSE,Failed,,人工标签 0 超出信号范围 1~1000。,
716,169,170,174,175,5,5,FALSE,TRUE,TRUE,3,176,1,1,99,TRUE,Reliable,unique_valid_peak,,
717,151,152,154,155,3,3,FALSE,TRUE,TRUE,4,160,1,1,97,TRUE,Reliable,unique_valid_peak,,
718,458,459,463,464,5,5,FALSE,TRUE,TRUE,3,471,1,1,93,TRUE,Reliable,unique_valid_peak,,
719,159,160,165,166,6,6,FALSE,FALSE,TRUE,4,172,1,1,94,TRUE,Reliable,unique_valid_peak,,
720,352,353,357,358,5,5,FALSE,TRUE,TRUE,4,364,1,1,91,TRUE,Reliable,unique_valid_peak,,
721,63,64,68,69,5,5,FALSE,TRUE,TRUE,3,70,1,1,100,TRUE,Reliable,unique_valid_peak,,
722,195,196,200,201,5,5,FALSE,TRUE,TRUE,5,207,1,1,92,TRUE,Reliable,unique_valid_peak,,
723,25,26,30,31,5,5,FALSE,TRUE,TRUE,3,32,2,1,90,TRUE,Reliable,unique_valid_peak,,
724,78,79,80,81,2,2,TRUE,TRUE,TRUE,3,90,1,1,92,TRUE,Reliable,unique_valid_peak,,
725,362,363,366,367,4,4,FALSE,TRUE,TRUE,5,373,1,1,88,TRUE,Reliable,unique_valid_peak,,
726,180,181,181,182,1,1,TRUE,TRUE,TRUE,4,189,1,1,86,TRUE,Reliable,unique_valid_peak,,
727,247,248,251,252,4,4,FALSE,TRUE,TRUE,3,258,1,1,97,TRUE,Reliable,unique_valid_peak,,
728,73,74,74,75,1,1,TRUE,TRUE,TRUE,2,85,1,1,100,TRUE,Reliable,unique_valid_peak,,
729,213,214,214,215,1,1,TRUE,TRUE,TRUE,2,225,1,1,100,TRUE,Reliable,unique_valid_peak,,
730,423,424,423,424,0,0,TRUE,TRUE,TRUE,2,425,1,1,100,TRUE,Reliable,unique_valid_peak,,
731,70,71,71,72,1,1,TRUE,TRUE,TRUE,2,81,1,1,100,TRUE,Reliable,unique_valid_peak,,
732,156,157,157,158,1,1,TRUE,TRUE,TRUE,2,168,1,1,100,TRUE,Reliable,unique_valid_peak,,
733,17,18,17,18,0,0,TRUE,TRUE,TRUE,2,28,1,1,100,TRUE,Reliable,unique_valid_peak,,
734,155,156,151,152,-4,4,FALSE,TRUE,TRUE,2,162,1,1,100,TRUE,Reliable,unique_valid_peak,,
735,55,56,55,56,0,0,TRUE,TRUE,TRUE,2,59,1,1,99,TRUE,Reliable,unique_valid_peak,,
736,49,50,45,46,-4,4,FALSE,TRUE,TRUE,2,56,1,1,100,TRUE,Reliable,unique_valid_peak,,
737,128,129,129,130,1,1,TRUE,TRUE,TRUE,2,131,1,1,100,TRUE,Reliable,unique_valid_peak,,
738,62,63,64,65,2,2,TRUE,TRUE,TRUE,2,66,1,1,100,TRUE,Reliable,unique_valid_peak,,
739,110,111,111,112,1,1,TRUE,TRUE,TRUE,2,113,1,1,100,TRUE,Reliable,unique_valid_peak,,
740,405,406,407,408,2,2,TRUE,TRUE,TRUE,2,409,1,1,100,TRUE,Reliable,unique_valid_peak,,
741,34,35,35,36,1,1,TRUE,TRUE,TRUE,2,37,1,1,100,TRUE,Reliable,unique_valid_peak,,
742,,,,,,,FALSE,FALSE,FALSE,,,,,,FALSE,Failed,,人工标签 0 超出信号范围 1~1000。,
743,117,118,118,119,1,1,TRUE,TRUE,TRUE,2,129,1,1,95,TRUE,Reliable,unique_valid_peak,,
744,320,321,319,320,-1,1,TRUE,TRUE,TRUE,2,323,1,1,100,TRUE,Reliable,unique_valid_peak,,
745,89,90,87,88,-2,2,TRUE,TRUE,TRUE,2,98,1,1,94,TRUE,Reliable,unique_valid_peak,,
746,207,208,206,207,-1,1,TRUE,TRUE,TRUE,2,209,1,1,95,TRUE,Reliable,unique_valid_peak,,
747,214,215,215,216,1,1,TRUE,TRUE,TRUE,2,217,1,1,98,TRUE,Reliable,unique_valid_peak,,
748,457,458,456,457,-1,1,TRUE,TRUE,TRUE,2,467,1,1,87,TRUE,Reliable,unique_valid_peak,,
749,435,436,433,434,-2,2,TRUE,TRUE,TRUE,2,436,1,1,93,TRUE,Reliable,unique_valid_peak,,
750,90,91,93,94,3,3,FALSE,TRUE,TRUE,2,95,1,1,95,TRUE,Reliable,unique_valid_peak,,
751,197,198,199,200,2,2,TRUE,TRUE,TRUE,2,208,1,1,95,TRUE,Reliable,unique_valid_peak,,
752,11,12,11,12,0,0,TRUE,TRUE,TRUE,2,21,1,1,89,TRUE,Reliable,unique_valid_peak,,
753,98,99,98,99,0,0,TRUE,TRUE,TRUE,2,100,1,1,87,TRUE,Reliable,unique_valid_peak,,
754,89,90,97,98,8,8,FALSE,FALSE,TRUE,3,107,1,1,99,TRUE,Reliable,unique_valid_peak,,
755,,,,,,,FALSE,FALSE,FALSE,,,,,,FALSE,Failed,,人工标签 0 超出信号范围 1~1000。,
756,317,318,321,322,4,4,FALSE,TRUE,TRUE,3,328,1,1,93,TRUE,Reliable,unique_valid_peak,,
757,60,61,70,71,10,10,FALSE,FALSE,TRUE,4,71,1,1,100,TRUE,Reliable,unique_valid_peak,,
758,105,106,113,114,8,8,FALSE,FALSE,TRUE,3,123,1,1,100,TRUE,Reliable,unique_valid_peak,,
759,57,58,66,67,9,9,FALSE,FALSE,TRUE,3,76,1,1,99,TRUE,Reliable,unique_valid_peak,,
760,69,70,76,77,7,7,FALSE,FALSE,TRUE,3,81,1,1,100,TRUE,Reliable,unique_valid_peak,,
761,15,16,23,24,8,8,FALSE,FALSE,TRUE,3,25,1,1,100,TRUE,Reliable,unique_valid_peak,,
762,66,67,71,72,5,5,FALSE,TRUE,TRUE,3,80,1,1,100,TRUE,Reliable,unique_valid_peak,,
763,83,84,89,90,6,6,FALSE,FALSE,TRUE,3,98,1,1,97,TRUE,Reliable,unique_valid_peak,,
764,61,62,68,69,7,7,FALSE,FALSE,TRUE,3,78,1,1,100,TRUE,Reliable,unique_valid_peak,,
765,48,49,55,56,7,7,FALSE,FALSE,TRUE,3,65,1,1,100,TRUE,Reliable,unique_valid_peak,,
766,16,17,23,24,7,7,FALSE,FALSE,TRUE,3,25,2,1,100,TRUE,Reliable,unique_valid_peak,,
767,386,387,390,391,4,4,FALSE,TRUE,TRUE,4,396,1,1,97,TRUE,Reliable,unique_valid_peak,,
768,99,100,107,108,8,8,FALSE,FALSE,TRUE,3,117,1,1,99,TRUE,Reliable,unique_valid_peak,,
769,109,110,106,107,-3,3,FALSE,TRUE,TRUE,3,108,1,1,99,TRUE,Reliable,unique_valid_peak,,
770,28,29,33,34,5,5,FALSE,TRUE,TRUE,3,43,1,1,100,TRUE,Reliable,unique_valid_peak,,
771,62,63,73,74,11,11,FALSE,FALSE,FALSE,3,77,1,1,98,TRUE,Reliable,unique_valid_peak,,
772,84,85,96,97,12,12,FALSE,FALSE,FALSE,4,98,1,1,99,TRUE,Reliable,unique_valid_peak,,
773,4,5,13,14,9,9,FALSE,FALSE,TRUE,3,17,1,1,98,TRUE,Reliable,unique_valid_peak,,
774,91,92,99,100,8,8,FALSE,FALSE,TRUE,3,101,1,1,89,TRUE,Reliable,unique_valid_peak,,
775,31,32,39,40,8,8,FALSE,FALSE,TRUE,3,41,1,1,99,TRUE,Reliable,unique_valid_peak,,
776,39,40,49,50,10,10,FALSE,FALSE,TRUE,3,57,1,1,96,TRUE,Reliable,unique_valid_peak,,
777,29,30,37,38,8,8,FALSE,FALSE,TRUE,4,45,1,1,100,TRUE,Reliable,unique_valid_peak,,
778,41,42,40,41,-1,1,TRUE,TRUE,TRUE,5,43,1,1,86,TRUE,Reliable,unique_valid_peak,,
779,91,92,95,96,4,4,FALSE,TRUE,TRUE,3,105,1,1,86,TRUE,Reliable,unique_valid_peak,,
780,34,35,33,34,-1,1,TRUE,TRUE,TRUE,4,41,1,1,88,TRUE,Reliable,unique_valid_peak,,
781,114,115,122,123,8,8,FALSE,FALSE,TRUE,4,130,1,1,86,TRUE,Reliable,unique_valid_peak,,
782,612,613,613,614,1,1,TRUE,TRUE,TRUE,3,623,1,1,88,TRUE,Reliable,unique_valid_peak,,
783,828,829,830,831,2,2,TRUE,TRUE,TRUE,3,832,1,1,92,TRUE,Reliable,unique_valid_peak,,
784,594,595,598,599,4,4,FALSE,TRUE,TRUE,3,600,1,1,92,TRUE,Reliable,unique_valid_peak,,
785,964,965,970,971,6,6,FALSE,FALSE,TRUE,3,978,1,1,89,TRUE,Reliable,unique_valid_peak,,
786,919,920,929,930,10,10,FALSE,FALSE,TRUE,3,930,1,1,85,TRUE,Reliable,unique_valid_peak,,
787,638,639,638,639,0,0,TRUE,TRUE,TRUE,2,653,1,1,85,TRUE,Reliable,unique_valid_peak,,
788,915,916,912,913,-3,3,FALSE,TRUE,TRUE,3,922,1,1,76,TRUE,Reliable,unique_valid_peak,,
789,921,922,924,925,3,3,FALSE,TRUE,TRUE,3,925,1,1,96,TRUE,Reliable,unique_valid_peak,,
790,687,688,689,690,2,2,TRUE,TRUE,TRUE,4,695,1,1,91,TRUE,Reliable,unique_valid_peak,,
791,947,948,946,947,-1,1,TRUE,TRUE,TRUE,2,949,1,1,94,TRUE,Reliable,unique_valid_peak,,
792,562,563,565,566,3,3,FALSE,TRUE,TRUE,6,565,1,1,91,TRUE,Reliable,unique_valid_peak,,
793,689,690,688,689,-1,1,TRUE,TRUE,TRUE,3,697,1,1,93,TRUE,Reliable,unique_valid_peak,,
794,815,816,817,818,2,2,TRUE,TRUE,TRUE,5,823,1,1,86,TRUE,Reliable,unique_valid_peak,,
795,799,800,797,798,-2,2,TRUE,TRUE,TRUE,3,808,1,1,77,TRUE,Reliable,unique_valid_peak,,
796,910,911,911,912,1,1,TRUE,TRUE,TRUE,2,924,1,1,91,TRUE,Reliable,unique_valid_peak,,
797,209,210,337,338,128,128,FALSE,FALSE,FALSE,2,339,1,1,100,TRUE,Error > 50 ms,unique_valid_peak,,
798,775,776,898,899,123,123,FALSE,FALSE,FALSE,3,953,1,1,100,TRUE,Error > 50 ms,unique_valid_peak,,
799,138,139,252,253,114,114,FALSE,FALSE,FALSE,2,255,1,1,100,TRUE,Error > 50 ms,unique_valid_peak,,
800,486,487,494,495,8,8,FALSE,FALSE,TRUE,3,500,2,1,97,TRUE,Reliable,unique_valid_peak,,
801,45,46,52,53,7,7,FALSE,FALSE,TRUE,3,59,1,1,95,TRUE,Reliable,unique_valid_peak,,
802,489,490,498,499,9,9,FALSE,FALSE,TRUE,3,519,1,1,95,TRUE,Reliable,unique_valid_peak,,
803,541,542,550,551,9,9,FALSE,FALSE,TRUE,3,571,1,1,95,TRUE,Reliable,unique_valid_peak,,
804,426,427,437,438,11,11,FALSE,FALSE,FALSE,3,443,2,1,95,TRUE,Reliable,unique_valid_peak,,
805,617,618,625,626,8,8,FALSE,FALSE,TRUE,3,632,2,1,95,TRUE,Reliable,unique_valid_peak,,
806,750,751,757,758,7,7,FALSE,FALSE,TRUE,3,778,1,1,92,TRUE,Reliable,unique_valid_peak,,
807,52,53,59,60,7,7,FALSE,FALSE,TRUE,3,80,1,1,95,TRUE,Reliable,unique_valid_peak,,
808,454,455,466,467,12,12,FALSE,FALSE,FALSE,3,472,2,1,95,TRUE,Reliable,unique_valid_peak,,
809,711,712,839,840,128,128,FALSE,FALSE,FALSE,3,872,1,1,100,TRUE,Error > 50 ms,unique_valid_peak,,
810,614,615,627,628,13,13,FALSE,FALSE,FALSE,3,633,2,1,93,TRUE,Reliable,unique_valid_peak,,
811,657,658,670,671,13,13,FALSE,FALSE,FALSE,3,677,2,1,90,TRUE,Reliable,unique_valid_peak,,
812,730,731,741,742,11,11,FALSE,FALSE,FALSE,3,762,1,1,90,TRUE,Reliable,unique_valid_peak,,
813,57,58,65,66,8,8,FALSE,FALSE,TRUE,3,86,1,1,95,TRUE,Reliable,unique_valid_peak,,
814,448,449,460,461,12,12,FALSE,FALSE,FALSE,3,466,2,1,95,TRUE,Reliable,unique_valid_peak,,
815,11,12,24,25,13,13,FALSE,FALSE,FALSE,3,30,2,1,97,TRUE,Reliable,unique_valid_peak,,
816,646,647,654,655,8,8,FALSE,FALSE,TRUE,3,661,1,1,91,TRUE,Reliable,unique_valid_peak,,
