file_id,waveform_file,label_file,n_samples,sample_rate_hz,sample_interval_ms,has_manual_pick,data_source
1,field_waveforms/1.txt,manual_reference_picks.csv#1,1000,1000,1,yes,workspace/Fig_9/pre_data
2,field_waveforms/2.txt,manual_reference_picks.csv#2,1000,1000,1,yes,workspace/Fig_9/pre_data
3,field_waveforms/3.txt,manual_reference_picks.csv#3,1000,1000,1,yes,workspace/Fig_9/pre_data
4,field_waveforms/4.txt,manual_reference_picks.csv#4,1000,1000,1,yes,workspace/Fig_9/pre_data
5,field_waveforms/5.txt,manual_reference_picks.csv#5,1000,1000,1,yes,workspace/Fig_9/pre_data
6,field_waveforms/6.txt,manual_reference_picks.csv#6,1000,1000,1,yes,workspace/Fig_9/pre_data
7,field_waveforms/7.txt,manual_reference_picks.csv#7,1000,1000,1,yes,workspace/Fig_9/pre_data
8,field_waveforms/8.txt,manual_reference_picks.csv#8,1000,1000,1,yes,workspace/Fig_9/pre_data
9,field_waveforms/9.txt,manual_reference_picks.csv#9,1000,1000,1,yes,workspace/Fig_9/pre_data
10,field_waveforms/10.txt,manual_reference_picks.csv#10,1000,1000,1,yes,workspace/Fig_9/pre_data
11,field_waveforms/11.txt,manual_reference_picks.csv#11,1000,1000,1,yes,workspace/Fig_9/pre_data
12,field_waveforms/12.txt,manual_reference_picks.csv#12,1000,1000,1,yes,workspace/Fig_9/pre_data
13,field_waveforms/13.txt,manual_reference_picks.csv#13,1000,1000,1,yes,workspace/Fig_9/pre_data
14,field_waveforms/14.txt,manual_reference_picks.csv#14,1000,1000,1,yes,workspace/Fig_9/pre_data
15,field_waveforms/15.txt,manual_reference_picks.csv#15,1000,1000,1,yes,workspace/Fig_9/pre_data
16,field_waveforms/16.txt,manual_reference_picks.csv#16,1000,1000,1,yes,workspace/Fig_9/pre_data
17,field_waveforms/17.txt,manual_reference_picks.csv#17,1000,1000,1,yes,workspace/Fig_9/pre_data
18,field_waveforms/18.txt,manual_reference_picks.csv#18,1000,1000,1,yes,workspace/Fig_9/pre_data
19,field_waveforms/19.txt,manual_reference_picks.csv#19,1000,1000,1,yes,workspace/Fig_9/pre_data
20,field_waveforms/20.txt,manual_reference_picks.csv#20,1000,1000,1,yes,workspace/Fig_9/pre_data
21,field_waveforms/21.txt,manual_reference_picks.csv#21,1000,1000,1,yes,workspace/Fig_9/pre_data
22,field_waveforms/22.txt,manual_reference_picks.csv#22,1000,1000,1,yes,workspace/Fig_9/pre_data
23,field_waveforms/23.txt,manual_reference_picks.csv#23,1000,1000,1,yes,workspace/Fig_9/pre_data
24,field_waveforms/24.txt,manual_reference_picks.csv#24,1000,1000,1,yes,workspace/Fig_9/pre_data
25,field_waveforms/25.txt,manual_reference_picks.csv#25,1000,1000,1,yes,workspace/Fig_9/pre_data
26,field_waveforms/26.txt,manual_reference_picks.csv#26,1000,1000,1,yes,workspace/Fig_9/pre_data
27,field_waveforms/27.txt,manual_reference_picks.csv#27,1000,1000,1,yes,workspace/Fig_9/pre_data
28,field_waveforms/28.txt,manual_reference_picks.csv#28,1000,1000,1,yes,workspace/Fig_9/pre_data
29,field_waveforms/29.txt,manual_reference_picks.csv#29,1000,1000,1,yes,workspace/Fig_9/pre_data
30,field_waveforms/30.txt,manual_reference_picks.csv#30,1000,1000,1,yes,workspace/Fig_9/pre_data
31,field_waveforms/31.txt,manual_reference_picks.csv#31,1000,1000,1,yes,workspace/Fig_9/pre_data
32,field_waveforms/32.txt,manual_reference_picks.csv#32,1000,1000,1,yes,workspace/Fig_9/pre_data
33,field_waveforms/33.txt,manual_reference_picks.csv#33,1000,1000,1,yes,workspace/Fig_9/pre_data
34,field_waveforms/34.txt,manual_reference_picks.csv#34,1000,1000,1,yes,workspace/Fig_9/pre_data
35,field_waveforms/35.txt,manual_reference_picks.csv#35,1000,1000,1,yes,workspace/Fig_9/pre_data
36,field_waveforms/36.txt,manual_reference_picks.csv#36,1000,1000,1,yes,workspace/Fig_9/pre_data
37,field_waveforms/37.txt,manual_reference_picks.csv#37,1000,1000,1,yes,workspace/Fig_9/pre_data
38,field_waveforms/38.txt,manual_reference_picks.csv#38,1000,1000,1,yes,workspace/Fig_9/pre_data
39,field_waveforms/39.txt,manual_reference_picks.csv#39,1000,1000,1,yes,workspace/Fig_9/pre_data
40,field_waveforms/40.txt,manual_reference_picks.csv#40,1000,1000,1,yes,workspace/Fig_9/pre_data
41,field_waveforms/41.txt,manual_reference_picks.csv#41,1000,1000,1,yes,workspace/Fig_9/pre_data
42,field_waveforms/42.txt,manual_reference_picks.csv#42,1000,1000,1,yes,workspace/Fig_9/pre_data
43,field_waveforms/43.txt,manual_reference_picks.csv#43,1000,1000,1,yes,workspace/Fig_9/pre_data
44,field_waveforms/44.txt,manual_reference_picks.csv#44,1000,1000,1,yes,workspace/Fig_9/pre_data
45,field_waveforms/45.txt,manual_reference_picks.csv#45,1000,1000,1,yes,workspace/Fig_9/pre_data
46,field_waveforms/46.txt,manual_reference_picks.csv#46,1000,1000,1,yes,workspace/Fig_9/pre_data
47,field_waveforms/47.txt,manual_reference_picks.csv#47,1000,1000,1,yes,workspace/Fig_9/pre_data
48,field_waveforms/48.txt,manual_reference_picks.csv#48,1000,1000,1,yes,workspace/Fig_9/pre_data
49,field_waveforms/49.txt,manual_reference_picks.csv#49,1000,1000,1,yes,workspace/Fig_9/pre_data
50,field_waveforms/50.txt,manual_reference_picks.csv#50,1000,1000,1,yes,workspace/Fig_9/pre_data
51,field_waveforms/51.txt,manual_reference_picks.csv#51,1000,1000,1,yes,workspace/Fig_9/pre_data
52,field_waveforms/52.txt,manual_reference_picks.csv#52,1000,1000,1,yes,workspace/Fig_9/pre_data
53,field_waveforms/53.txt,manual_reference_picks.csv#53,1000,1000,1,yes,workspace/Fig_9/pre_data
54,field_waveforms/54.txt,manual_reference_picks.csv#54,1000,1000,1,yes,workspace/Fig_9/pre_data
55,field_waveforms/55.txt,manual_reference_picks.csv#55,1000,1000,1,yes,workspace/Fig_9/pre_data
56,field_waveforms/56.txt,manual_reference_picks.csv#56,1000,1000,1,yes,workspace/Fig_9/pre_data
57,field_waveforms/57.txt,manual_reference_picks.csv#57,1000,1000,1,yes,workspace/Fig_9/pre_data
58,field_waveforms/58.txt,manual_reference_picks.csv#58,1000,1000,1,yes,workspace/Fig_9/pre_data
59,field_waveforms/59.txt,manual_reference_picks.csv#59,1000,1000,1,yes,workspace/Fig_9/pre_data
60,field_waveforms/60.txt,manual_reference_picks.csv#60,1000,1000,1,yes,workspace/Fig_9/pre_data
61,field_waveforms/61.txt,manual_reference_picks.csv#61,1000,1000,1,yes,workspace/Fig_9/pre_data
62,field_waveforms/62.txt,manual_reference_picks.csv#62,1000,1000,1,yes,workspace/Fig_9/pre_data
63,field_waveforms/63.txt,manual_reference_picks.csv#63,1000,1000,1,yes,workspace/Fig_9/pre_data
64,field_waveforms/64.txt,manual_reference_picks.csv#64,1000,1000,1,yes,workspace/Fig_9/pre_data
65,field_waveforms/65.txt,manual_reference_picks.csv#65,1000,1000,1,yes,workspace/Fig_9/pre_data
66,field_waveforms/66.txt,manual_reference_picks.csv#66,1000,1000,1,yes,workspace/Fig_9/pre_data
67,field_waveforms/67.txt,manual_reference_picks.csv#67,1000,1000,1,yes,workspace/Fig_9/pre_data
68,field_waveforms/68.txt,manual_reference_picks.csv#68,1000,1000,1,yes,workspace/Fig_9/pre_data
69,field_waveforms/69.txt,manual_reference_picks.csv#69,1000,1000,1,yes,workspace/Fig_9/pre_data
70,field_waveforms/70.txt,manual_reference_picks.csv#70,1000,1000,1,yes,workspace/Fig_9/pre_data
71,field_waveforms/71.txt,manual_reference_picks.csv#71,1000,1000,1,yes,workspace/Fig_9/pre_data
72,field_waveforms/72.txt,manual_reference_picks.csv#72,1000,1000,1,yes,workspace/Fig_9/pre_data
73,field_waveforms/73.txt,manual_reference_picks.csv#73,1000,1000,1,yes,workspace/Fig_9/pre_data
74,field_waveforms/74.txt,manual_reference_picks.csv#74,1000,1000,1,yes,workspace/Fig_9/pre_data
75,field_waveforms/75.txt,manual_reference_picks.csv#75,1000,1000,1,yes,workspace/Fig_9/pre_data
76,field_waveforms/76.txt,manual_reference_picks.csv#76,1000,1000,1,yes,workspace/Fig_9/pre_data
77,field_waveforms/77.txt,manual_reference_picks.csv#77,1000,1000,1,yes,workspace/Fig_9/pre_data
78,field_waveforms/78.txt,manual_reference_picks.csv#78,1000,1000,1,yes,workspace/Fig_9/pre_data
79,field_waveforms/79.txt,manual_reference_picks.csv#79,1000,1000,1,yes,workspace/Fig_9/pre_data
80,field_waveforms/80.txt,manual_reference_picks.csv#80,1000,1000,1,yes,workspace/Fig_9/pre_data
81,field_waveforms/81.txt,manual_reference_picks.csv#81,1000,1000,1,yes,workspace/Fig_9/pre_data
82,field_waveforms/82.txt,manual_reference_picks.csv#82,1000,1000,1,yes,workspace/Fig_9/pre_data
83,field_waveforms/83.txt,manual_reference_picks.csv#83,1000,1000,1,yes,workspace/Fig_9/pre_data
84,field_waveforms/84.txt,manual_reference_picks.csv#84,1000,1000,1,yes,workspace/Fig_9/pre_data
85,field_waveforms/85.txt,manual_reference_picks.csv#85,1000,1000,1,yes,workspace/Fig_9/pre_data
86,field_waveforms/86.txt,manual_reference_picks.csv#86,1000,1000,1,yes,workspace/Fig_9/pre_data
87,field_waveforms/87.txt,manual_reference_picks.csv#87,1000,1000,1,yes,workspace/Fig_9/pre_data
88,field_waveforms/88.txt,manual_reference_picks.csv#88,1000,1000,1,yes,workspace/Fig_9/pre_data
89,field_waveforms/89.txt,manual_reference_picks.csv#89,1000,1000,1,yes,workspace/Fig_9/pre_data
90,field_waveforms/90.txt,manual_reference_picks.csv#90,1000,1000,1,yes,workspace/Fig_9/pre_data
91,field_waveforms/91.txt,manual_reference_picks.csv#91,1000,1000,1,yes,workspace/Fig_9/pre_data
92,field_waveforms/92.txt,manual_reference_picks.csv#92,1000,1000,1,yes,workspace/Fig_9/pre_data
93,field_waveforms/93.txt,manual_reference_picks.csv#93,1000,1000,1,yes,workspace/Fig_9/pre_data
94,field_waveforms/94.txt,manual_reference_picks.csv#94,1000,1000,1,yes,workspace/Fig_9/pre_data
95,field_waveforms/95.txt,manual_reference_picks.csv#95,1000,1000,1,yes,workspace/Fig_9/pre_data
96,field_waveforms/96.txt,manual_reference_picks.csv#96,1000,1000,1,yes,workspace/Fig_9/pre_data
97,field_waveforms/97.txt,manual_reference_picks.csv#97,1000,1000,1,yes,workspace/Fig_9/pre_data
98,field_waveforms/98.txt,manual_reference_picks.csv#98,1000,1000,1,yes,workspace/Fig_9/pre_data
99,field_waveforms/99.txt,manual_reference_picks.csv#99,1000,1000,1,yes,workspace/Fig_9/pre_data
100,field_waveforms/100.txt,manual_reference_picks.csv#100,1000,1000,1,yes,workspace/Fig_9/pre_data
101,field_waveforms/101.txt,manual_reference_picks.csv#101,1000,1000,1,yes,workspace/Fig_9/pre_data
102,field_waveforms/102.txt,manual_reference_picks.csv#102,1000,1000,1,yes,workspace/Fig_9/pre_data
103,field_waveforms/103.txt,manual_reference_picks.csv#103,1000,1000,1,yes,workspace/Fig_9/pre_data
104,field_waveforms/104.txt,manual_reference_picks.csv#104,1000,1000,1,yes,workspace/Fig_9/pre_data
105,field_waveforms/105.txt,manual_reference_picks.csv#105,1000,1000,1,yes,workspace/Fig_9/pre_data
106,field_waveforms/106.txt,manual_reference_picks.csv#106,1000,1000,1,yes,workspace/Fig_9/pre_data
107,field_waveforms/107.txt,manual_reference_picks.csv#107,1000,1000,1,yes,workspace/Fig_9/pre_data
108,field_waveforms/108.txt,manual_reference_picks.csv#108,1000,1000,1,yes,workspace/Fig_9/pre_data
109,field_waveforms/109.txt,manual_reference_picks.csv#109,1000,1000,1,yes,workspace/Fig_9/pre_data
110,field_waveforms/110.txt,manual_reference_picks.csv#110,1000,1000,1,yes,workspace/Fig_9/pre_data
111,field_waveforms/111.txt,manual_reference_picks.csv#111,1000,1000,1,yes,workspace/Fig_9/pre_data
112,field_waveforms/112.txt,manual_reference_picks.csv#112,1000,1000,1,yes,workspace/Fig_9/pre_data
113,field_waveforms/113.txt,manual_reference_picks.csv#113,1000,1000,1,yes,workspace/Fig_9/pre_data
114,field_waveforms/114.txt,manual_reference_picks.csv#114,1000,1000,1,yes,workspace/Fig_9/pre_data
115,field_waveforms/115.txt,manual_reference_picks.csv#115,1000,1000,1,yes,workspace/Fig_9/pre_data
116,field_waveforms/116.txt,manual_reference_picks.csv#116,1000,1000,1,yes,workspace/Fig_9/pre_data
117,field_waveforms/117.txt,manual_reference_picks.csv#117,1000,1000,1,yes,workspace/Fig_9/pre_data
118,field_waveforms/118.txt,manual_reference_picks.csv#118,1000,1000,1,yes,workspace/Fig_9/pre_data
119,field_waveforms/119.txt,manual_reference_picks.csv#119,1000,1000,1,yes,workspace/Fig_9/pre_data
120,field_waveforms/120.txt,manual_reference_picks.csv#120,1000,1000,1,yes,workspace/Fig_9/pre_data
121,field_waveforms/121.txt,manual_reference_picks.csv#121,1000,1000,1,yes,workspace/Fig_9/pre_data
122,field_waveforms/122.txt,manual_reference_picks.csv#122,1000,1000,1,yes,workspace/Fig_9/pre_data
123,field_waveforms/123.txt,manual_reference_picks.csv#123,1000,1000,1,yes,workspace/Fig_9/pre_data
124,field_waveforms/124.txt,manual_reference_picks.csv#124,1000,1000,1,yes,workspace/Fig_9/pre_data
125,field_waveforms/125.txt,manual_reference_picks.csv#125,1000,1000,1,yes,workspace/Fig_9/pre_data
126,field_waveforms/126.txt,manual_reference_picks.csv#126,1000,1000,1,yes,workspace/Fig_9/pre_data
127,field_waveforms/127.txt,manual_reference_picks.csv#127,1000,1000,1,yes,workspace/Fig_9/pre_data
128,field_waveforms/128.txt,manual_reference_picks.csv#128,1000,1000,1,yes,workspace/Fig_9/pre_data
129,field_waveforms/129.txt,manual_reference_picks.csv#129,1000,1000,1,yes,workspace/Fig_9/pre_data
130,field_waveforms/130.txt,manual_reference_picks.csv#130,1000,1000,1,yes,workspace/Fig_9/pre_data
131,field_waveforms/131.txt,manual_reference_picks.csv#131,1000,1000,1,yes,workspace/Fig_9/pre_data
132,field_waveforms/132.txt,manual_reference_picks.csv#132,1000,1000,1,yes,workspace/Fig_9/pre_data
133,field_waveforms/133.txt,manual_reference_picks.csv#133,1000,1000,1,yes,workspace/Fig_9/pre_data
134,field_waveforms/134.txt,manual_reference_picks.csv#134,1000,1000,1,yes,workspace/Fig_9/pre_data
135,field_waveforms/135.txt,manual_reference_picks.csv#135,1000,1000,1,yes,workspace/Fig_9/pre_data
136,field_waveforms/136.txt,manual_reference_picks.csv#136,1000,1000,1,yes,workspace/Fig_9/pre_data
137,field_waveforms/137.txt,manual_reference_picks.csv#137,1000,1000,1,yes,workspace/Fig_9/pre_data
138,field_waveforms/138.txt,manual_reference_picks.csv#138,1000,1000,1,yes,workspace/Fig_9/pre_data
139,field_waveforms/139.txt,manual_reference_picks.csv#139,1000,1000,1,yes,workspace/Fig_9/pre_data
140,field_waveforms/140.txt,manual_reference_picks.csv#140,1000,1000,1,yes,workspace/Fig_9/pre_data
141,field_waveforms/141.txt,manual_reference_picks.csv#141,1000,1000,1,yes,workspace/Fig_9/pre_data
142,field_waveforms/142.txt,manual_reference_picks.csv#142,1000,1000,1,yes,workspace/Fig_9/pre_data
143,field_waveforms/143.txt,manual_reference_picks.csv#143,1000,1000,1,yes,workspace/Fig_9/pre_data
144,field_waveforms/144.txt,manual_reference_picks.csv#144,1000,1000,1,yes,workspace/Fig_9/pre_data
145,field_waveforms/145.txt,manual_reference_picks.csv#145,1000,1000,1,yes,workspace/Fig_9/pre_data
146,field_waveforms/146.txt,manual_reference_picks.csv#146,1000,1000,1,yes,workspace/Fig_9/pre_data
147,field_waveforms/147.txt,manual_reference_picks.csv#147,1000,1000,1,yes,workspace/Fig_9/pre_data
148,field_waveforms/148.txt,manual_reference_picks.csv#148,1000,1000,1,yes,workspace/Fig_9/pre_data
149,field_waveforms/149.txt,manual_reference_picks.csv#149,1000,1000,1,yes,workspace/Fig_9/pre_data
150,field_waveforms/150.txt,manual_reference_picks.csv#150,1000,1000,1,yes,workspace/Fig_9/pre_data
151,field_waveforms/151.txt,manual_reference_picks.csv#151,1000,1000,1,yes,workspace/Fig_9/pre_data
152,field_waveforms/152.txt,manual_reference_picks.csv#152,1000,1000,1,yes,workspace/Fig_9/pre_data
153,field_waveforms/153.txt,manual_reference_picks.csv#153,1000,1000,1,yes,workspace/Fig_9/pre_data
154,field_waveforms/154.txt,manual_reference_picks.csv#154,1000,1000,1,yes,workspace/Fig_9/pre_data
155,field_waveforms/155.txt,manual_reference_picks.csv#155,1000,1000,1,yes,workspace/Fig_9/pre_data
156,field_waveforms/156.txt,manual_reference_picks.csv#156,1000,1000,1,yes,workspace/Fig_9/pre_data
157,field_waveforms/157.txt,manual_reference_picks.csv#157,1000,1000,1,yes,workspace/Fig_9/pre_data
158,field_waveforms/158.txt,manual_reference_picks.csv#158,1000,1000,1,yes,workspace/Fig_9/pre_data
159,field_waveforms/159.txt,manual_reference_picks.csv#159,1000,1000,1,yes,workspace/Fig_9/pre_data
160,field_waveforms/160.txt,manual_reference_picks.csv#160,1000,1000,1,yes,workspace/Fig_9/pre_data
161,field_waveforms/161.txt,manual_reference_picks.csv#161,1000,1000,1,yes,workspace/Fig_9/pre_data
162,field_waveforms/162.txt,manual_reference_picks.csv#162,1000,1000,1,yes,workspace/Fig_9/pre_data
163,field_waveforms/163.txt,manual_reference_picks.csv#163,1000,1000,1,yes,workspace/Fig_9/pre_data
164,field_waveforms/164.txt,manual_reference_picks.csv#164,1000,1000,1,yes,workspace/Fig_9/pre_data
165,field_waveforms/165.txt,manual_reference_picks.csv#165,1000,1000,1,yes,workspace/Fig_9/pre_data
166,field_waveforms/166.txt,manual_reference_picks.csv#166,1000,1000,1,yes,workspace/Fig_9/pre_data
167,field_waveforms/167.txt,manual_reference_picks.csv#167,1000,1000,1,yes,workspace/Fig_9/pre_data
168,field_waveforms/168.txt,manual_reference_picks.csv#168,1000,1000,1,yes,workspace/Fig_9/pre_data
169,field_waveforms/169.txt,manual_reference_picks.csv#169,1000,1000,1,yes,workspace/Fig_9/pre_data
170,field_waveforms/170.txt,manual_reference_picks.csv#170,1000,1000,1,yes,workspace/Fig_9/pre_data
171,field_waveforms/171.txt,manual_reference_picks.csv#171,1000,1000,1,yes,workspace/Fig_9/pre_data
172,field_waveforms/172.txt,manual_reference_picks.csv#172,1000,1000,1,yes,workspace/Fig_9/pre_data
173,field_waveforms/173.txt,manual_reference_picks.csv#173,1000,1000,1,yes,workspace/Fig_9/pre_data
174,field_waveforms/174.txt,manual_reference_picks.csv#174,1000,1000,1,yes,workspace/Fig_9/pre_data
175,field_waveforms/175.txt,manual_reference_picks.csv#175,1000,1000,1,yes,workspace/Fig_9/pre_data
176,field_waveforms/176.txt,manual_reference_picks.csv#176,1000,1000,1,yes,workspace/Fig_9/pre_data
177,field_waveforms/177.txt,manual_reference_picks.csv#177,1000,1000,1,yes,workspace/Fig_9/pre_data
178,field_waveforms/178.txt,manual_reference_picks.csv#178,1000,1000,1,yes,workspace/Fig_9/pre_data
179,field_waveforms/179.txt,manual_reference_picks.csv#179,1000,1000,1,yes,workspace/Fig_9/pre_data
180,field_waveforms/180.txt,manual_reference_picks.csv#180,1000,1000,1,yes,workspace/Fig_9/pre_data
181,field_waveforms/181.txt,manual_reference_picks.csv#181,1000,1000,1,yes,workspace/Fig_9/pre_data
182,field_waveforms/182.txt,manual_reference_picks.csv#182,1000,1000,1,yes,workspace/Fig_9/pre_data
183,field_waveforms/183.txt,manual_reference_picks.csv#183,1000,1000,1,yes,workspace/Fig_9/pre_data
184,field_waveforms/184.txt,manual_reference_picks.csv#184,1000,1000,1,yes,workspace/Fig_9/pre_data
185,field_waveforms/185.txt,manual_reference_picks.csv#185,1000,1000,1,yes,workspace/Fig_9/pre_data
186,field_waveforms/186.txt,manual_reference_picks.csv#186,1000,1000,1,yes,workspace/Fig_9/pre_data
187,field_waveforms/187.txt,manual_reference_picks.csv#187,1000,1000,1,yes,workspace/Fig_9/pre_data
188,field_waveforms/188.txt,manual_reference_picks.csv#188,1000,1000,1,yes,workspace/Fig_9/pre_data
189,field_waveforms/189.txt,manual_reference_picks.csv#189,1000,1000,1,yes,workspace/Fig_9/pre_data
190,field_waveforms/190.txt,manual_reference_picks.csv#190,1000,1000,1,yes,workspace/Fig_9/pre_data
191,field_waveforms/191.txt,manual_reference_picks.csv#191,1000,1000,1,yes,workspace/Fig_9/pre_data
192,field_waveforms/192.txt,manual_reference_picks.csv#192,1000,1000,1,yes,workspace/Fig_9/pre_data
193,field_waveforms/193.txt,manual_reference_picks.csv#193,1000,1000,1,yes,workspace/Fig_9/pre_data
194,field_waveforms/194.txt,manual_reference_picks.csv#194,1000,1000,1,yes,workspace/Fig_9/pre_data
195,field_waveforms/195.txt,manual_reference_picks.csv#195,1000,1000,1,yes,workspace/Fig_9/pre_data
196,field_waveforms/196.txt,manual_reference_picks.csv#196,1000,1000,1,yes,workspace/Fig_9/pre_data
197,field_waveforms/197.txt,manual_reference_picks.csv#197,1000,1000,1,yes,workspace/Fig_9/pre_data
198,field_waveforms/198.txt,manual_reference_picks.csv#198,1000,1000,1,yes,workspace/Fig_9/pre_data
199,field_waveforms/199.txt,manual_reference_picks.csv#199,1000,1000,1,yes,workspace/Fig_9/pre_data
200,field_waveforms/200.txt,manual_reference_picks.csv#200,1000,1000,1,yes,workspace/Fig_9/pre_data
201,field_waveforms/201.txt,manual_reference_picks.csv#201,1000,1000,1,yes,workspace/Fig_9/pre_data
202,field_waveforms/202.txt,manual_reference_picks.csv#202,1000,1000,1,yes,workspace/Fig_9/pre_data
203,field_waveforms/203.txt,manual_reference_picks.csv#203,1000,1000,1,yes,workspace/Fig_9/pre_data
204,field_waveforms/204.txt,manual_reference_picks.csv#204,1000,1000,1,yes,workspace/Fig_9/pre_data
205,field_waveforms/205.txt,manual_reference_picks.csv#205,1000,1000,1,yes,workspace/Fig_9/pre_data
206,field_waveforms/206.txt,manual_reference_picks.csv#206,1000,1000,1,yes,workspace/Fig_9/pre_data
207,field_waveforms/207.txt,manual_reference_picks.csv#207,1000,1000,1,yes,workspace/Fig_9/pre_data
208,field_waveforms/208.txt,manual_reference_picks.csv#208,1000,1000,1,yes,workspace/Fig_9/pre_data
209,field_waveforms/209.txt,manual_reference_picks.csv#209,1000,1000,1,yes,workspace/Fig_9/pre_data
210,field_waveforms/210.txt,manual_reference_picks.csv#210,1000,1000,1,yes,workspace/Fig_9/pre_data
211,field_waveforms/211.txt,manual_reference_picks.csv#211,1000,1000,1,yes,workspace/Fig_9/pre_data
212,field_waveforms/212.txt,manual_reference_picks.csv#212,1000,1000,1,yes,workspace/Fig_9/pre_data
213,field_waveforms/213.txt,manual_reference_picks.csv#213,1000,1000,1,yes,workspace/Fig_9/pre_data
214,field_waveforms/214.txt,manual_reference_picks.csv#214,1000,1000,1,yes,workspace/Fig_9/pre_data
215,field_waveforms/215.txt,manual_reference_picks.csv#215,1000,1000,1,yes,workspace/Fig_9/pre_data
216,field_waveforms/216.txt,manual_reference_picks.csv#216,1000,1000,1,yes,workspace/Fig_9/pre_data
217,field_waveforms/217.txt,manual_reference_picks.csv#217,1000,1000,1,yes,workspace/Fig_9/pre_data
218,field_waveforms/218.txt,manual_reference_picks.csv#218,1000,1000,1,yes,workspace/Fig_9/pre_data
219,field_waveforms/219.txt,manual_reference_picks.csv#219,1000,1000,1,yes,workspace/Fig_9/pre_data
220,field_waveforms/220.txt,manual_reference_picks.csv#220,1000,1000,1,yes,workspace/Fig_9/pre_data
221,field_waveforms/221.txt,manual_reference_picks.csv#221,1000,1000,1,yes,workspace/Fig_9/pre_data
222,field_waveforms/222.txt,manual_reference_picks.csv#222,1000,1000,1,yes,workspace/Fig_9/pre_data
223,field_waveforms/223.txt,manual_reference_picks.csv#223,1000,1000,1,yes,workspace/Fig_9/pre_data
224,field_waveforms/224.txt,manual_reference_picks.csv#224,1000,1000,1,yes,workspace/Fig_9/pre_data
225,field_waveforms/225.txt,manual_reference_picks.csv#225,1000,1000,1,yes,workspace/Fig_9/pre_data
226,field_waveforms/226.txt,manual_reference_picks.csv#226,1000,1000,1,yes,workspace/Fig_9/pre_data
227,field_waveforms/227.txt,manual_reference_picks.csv#227,1000,1000,1,yes,workspace/Fig_9/pre_data
228,field_waveforms/228.txt,manual_reference_picks.csv#228,1000,1000,1,yes,workspace/Fig_9/pre_data
229,field_waveforms/229.txt,manual_reference_picks.csv#229,1000,1000,1,yes,workspace/Fig_9/pre_data
230,field_waveforms/230.txt,manual_reference_picks.csv#230,1000,1000,1,yes,workspace/Fig_9/pre_data
231,field_waveforms/231.txt,manual_reference_picks.csv#231,1000,1000,1,yes,workspace/Fig_9/pre_data
232,field_waveforms/232.txt,manual_reference_picks.csv#232,1000,1000,1,yes,workspace/Fig_9/pre_data
233,field_waveforms/233.txt,manual_reference_picks.csv#233,1000,1000,1,yes,workspace/Fig_9/pre_data
234,field_waveforms/234.txt,manual_reference_picks.csv#234,1000,1000,1,yes,workspace/Fig_9/pre_data
235,field_waveforms/235.txt,manual_reference_picks.csv#235,1000,1000,1,yes,workspace/Fig_9/pre_data
236,field_waveforms/236.txt,manual_reference_picks.csv#236,1000,1000,1,yes,workspace/Fig_9/pre_data
237,field_waveforms/237.txt,manual_reference_picks.csv#237,1000,1000,1,yes,workspace/Fig_9/pre_data
238,field_waveforms/238.txt,manual_reference_picks.csv#238,1000,1000,1,yes,workspace/Fig_9/pre_data
239,field_waveforms/239.txt,manual_reference_picks.csv#239,1000,1000,1,yes,workspace/Fig_9/pre_data
240,field_waveforms/240.txt,manual_reference_picks.csv#240,1000,1000,1,yes,workspace/Fig_9/pre_data
241,field_waveforms/241.txt,manual_reference_picks.csv#241,1000,1000,1,yes,workspace/Fig_9/pre_data
242,field_waveforms/242.txt,manual_reference_picks.csv#242,1000,1000,1,yes,workspace/Fig_9/pre_data
243,field_waveforms/243.txt,manual_reference_picks.csv#243,1000,1000,1,yes,workspace/Fig_9/pre_data
244,field_waveforms/244.txt,manual_reference_picks.csv#244,1000,1000,1,yes,workspace/Fig_9/pre_data
245,field_waveforms/245.txt,manual_reference_picks.csv#245,1000,1000,1,yes,workspace/Fig_9/pre_data
246,field_waveforms/246.txt,manual_reference_picks.csv#246,1000,1000,1,yes,workspace/Fig_9/pre_data
247,field_waveforms/247.txt,manual_reference_picks.csv#247,1000,1000,1,yes,workspace/Fig_9/pre_data
248,field_waveforms/248.txt,manual_reference_picks.csv#248,1000,1000,1,yes,workspace/Fig_9/pre_data
249,field_waveforms/249.txt,manual_reference_picks.csv#249,1000,1000,1,yes,workspace/Fig_9/pre_data
250,field_waveforms/250.txt,manual_reference_picks.csv#250,1000,1000,1,yes,workspace/Fig_9/pre_data
251,field_waveforms/251.txt,manual_reference_picks.csv#251,1000,1000,1,yes,workspace/Fig_9/pre_data
252,field_waveforms/252.txt,manual_reference_picks.csv#252,1000,1000,1,yes,workspace/Fig_9/pre_data
253,field_waveforms/253.txt,manual_reference_picks.csv#253,1000,1000,1,yes,workspace/Fig_9/pre_data
254,field_waveforms/254.txt,manual_reference_picks.csv#254,1000,1000,1,yes,workspace/Fig_9/pre_data
255,field_waveforms/255.txt,manual_reference_picks.csv#255,1000,1000,1,yes,workspace/Fig_9/pre_data
256,field_waveforms/256.txt,manual_reference_picks.csv#256,1000,1000,1,yes,workspace/Fig_9/pre_data
257,field_waveforms/257.txt,manual_reference_picks.csv#257,1000,1000,1,yes,workspace/Fig_9/pre_data
258,field_waveforms/258.txt,manual_reference_picks.csv#258,1000,1000,1,yes,workspace/Fig_9/pre_data
259,field_waveforms/259.txt,manual_reference_picks.csv#259,1000,1000,1,yes,workspace/Fig_9/pre_data
260,field_waveforms/260.txt,manual_reference_picks.csv#260,1000,1000,1,yes,workspace/Fig_9/pre_data
261,field_waveforms/261.txt,manual_reference_picks.csv#261,1000,1000,1,yes,workspace/Fig_9/pre_data
262,field_waveforms/262.txt,manual_reference_picks.csv#262,1000,1000,1,yes,workspace/Fig_9/pre_data
263,field_waveforms/263.txt,manual_reference_picks.csv#263,1000,1000,1,yes,workspace/Fig_9/pre_data
264,field_waveforms/264.txt,manual_reference_picks.csv#264,1000,1000,1,yes,workspace/Fig_9/pre_data
265,field_waveforms/265.txt,manual_reference_picks.csv#265,1000,1000,1,yes,workspace/Fig_9/pre_data
266,field_waveforms/266.txt,manual_reference_picks.csv#266,1000,1000,1,yes,workspace/Fig_9/pre_data
267,field_waveforms/267.txt,manual_reference_picks.csv#267,1000,1000,1,yes,workspace/Fig_9/pre_data
268,field_waveforms/268.txt,manual_reference_picks.csv#268,1000,1000,1,yes,workspace/Fig_9/pre_data
269,field_waveforms/269.txt,manual_reference_picks.csv#269,1000,1000,1,yes,workspace/Fig_9/pre_data
270,field_waveforms/270.txt,manual_reference_picks.csv#270,1000,1000,1,yes,workspace/Fig_9/pre_data
271,field_waveforms/271.txt,manual_reference_picks.csv#271,1000,1000,1,yes,workspace/Fig_9/pre_data
272,field_waveforms/272.txt,manual_reference_picks.csv#272,1000,1000,1,yes,workspace/Fig_9/pre_data
273,field_waveforms/273.txt,manual_reference_picks.csv#273,1000,1000,1,yes,workspace/Fig_9/pre_data
274,field_waveforms/274.txt,manual_reference_picks.csv#274,1000,1000,1,yes,workspace/Fig_9/pre_data
275,field_waveforms/275.txt,manual_reference_picks.csv#275,1000,1000,1,yes,workspace/Fig_9/pre_data
276,field_waveforms/276.txt,manual_reference_picks.csv#276,1000,1000,1,yes,workspace/Fig_9/pre_data
277,field_waveforms/277.txt,manual_reference_picks.csv#277,1000,1000,1,yes,workspace/Fig_9/pre_data
278,field_waveforms/278.txt,manual_reference_picks.csv#278,1000,1000,1,yes,workspace/Fig_9/pre_data
279,field_waveforms/279.txt,manual_reference_picks.csv#279,1000,1000,1,yes,workspace/Fig_9/pre_data
280,field_waveforms/280.txt,manual_reference_picks.csv#280,1000,1000,1,yes,workspace/Fig_9/pre_data
281,field_waveforms/281.txt,manual_reference_picks.csv#281,1000,1000,1,yes,workspace/Fig_9/pre_data
282,field_waveforms/282.txt,manual_reference_picks.csv#282,1000,1000,1,yes,workspace/Fig_9/pre_data
283,field_waveforms/283.txt,manual_reference_picks.csv#283,1000,1000,1,yes,workspace/Fig_9/pre_data
284,field_waveforms/284.txt,manual_reference_picks.csv#284,1000,1000,1,yes,workspace/Fig_9/pre_data
285,field_waveforms/285.txt,manual_reference_picks.csv#285,1000,1000,1,yes,workspace/Fig_9/pre_data
286,field_waveforms/286.txt,manual_reference_picks.csv#286,1000,1000,1,yes,workspace/Fig_9/pre_data
287,field_waveforms/287.txt,manual_reference_picks.csv#287,1000,1000,1,yes,workspace/Fig_9/pre_data
288,field_waveforms/288.txt,manual_reference_picks.csv#288,1000,1000,1,yes,workspace/Fig_9/pre_data
289,field_waveforms/289.txt,manual_reference_picks.csv#289,1000,1000,1,yes,workspace/Fig_9/pre_data
290,field_waveforms/290.txt,manual_reference_picks.csv#290,1000,1000,1,yes,workspace/Fig_9/pre_data
291,field_waveforms/291.txt,manual_reference_picks.csv#291,1000,1000,1,yes,workspace/Fig_9/pre_data
292,field_waveforms/292.txt,manual_reference_picks.csv#292,1000,1000,1,yes,workspace/Fig_9/pre_data
293,field_waveforms/293.txt,manual_reference_picks.csv#293,1000,1000,1,yes,workspace/Fig_9/pre_data
294,field_waveforms/294.txt,manual_reference_picks.csv#294,1000,1000,1,yes,workspace/Fig_9/pre_data
295,field_waveforms/295.txt,manual_reference_picks.csv#295,1000,1000,1,yes,workspace/Fig_9/pre_data
296,field_waveforms/296.txt,manual_reference_picks.csv#296,1000,1000,1,yes,workspace/Fig_9/pre_data
297,field_waveforms/297.txt,manual_reference_picks.csv#297,1000,1000,1,yes,workspace/Fig_9/pre_data
298,field_waveforms/298.txt,manual_reference_picks.csv#298,1000,1000,1,yes,workspace/Fig_9/pre_data
299,field_waveforms/299.txt,manual_reference_picks.csv#299,1000,1000,1,yes,workspace/Fig_9/pre_data
300,field_waveforms/300.txt,manual_reference_picks.csv#300,1000,1000,1,yes,workspace/Fig_9/pre_data
301,field_waveforms/301.txt,manual_reference_picks.csv#301,1000,1000,1,yes,workspace/Fig_9/pre_data
302,field_waveforms/302.txt,manual_reference_picks.csv#302,1000,1000,1,yes,workspace/Fig_9/pre_data
303,field_waveforms/303.txt,manual_reference_picks.csv#303,1000,1000,1,yes,workspace/Fig_9/pre_data
304,field_waveforms/304.txt,manual_reference_picks.csv#304,1000,1000,1,yes,workspace/Fig_9/pre_data
305,field_waveforms/305.txt,manual_reference_picks.csv#305,1000,1000,1,yes,workspace/Fig_9/pre_data
306,field_waveforms/306.txt,manual_reference_picks.csv#306,1000,1000,1,yes,workspace/Fig_9/pre_data
307,field_waveforms/307.txt,manual_reference_picks.csv#307,1000,1000,1,yes,workspace/Fig_9/pre_data
308,field_waveforms/308.txt,manual_reference_picks.csv#308,1000,1000,1,yes,workspace/Fig_9/pre_data
309,field_waveforms/309.txt,manual_reference_picks.csv#309,1000,1000,1,yes,workspace/Fig_9/pre_data
310,field_waveforms/310.txt,manual_reference_picks.csv#310,1000,1000,1,yes,workspace/Fig_9/pre_data
311,field_waveforms/311.txt,manual_reference_picks.csv#311,1000,1000,1,yes,workspace/Fig_9/pre_data
312,field_waveforms/312.txt,manual_reference_picks.csv#312,1000,1000,1,yes,workspace/Fig_9/pre_data
313,field_waveforms/313.txt,manual_reference_picks.csv#313,1000,1000,1,yes,workspace/Fig_9/pre_data
314,field_waveforms/314.txt,manual_reference_picks.csv#314,1000,1000,1,yes,workspace/Fig_9/pre_data
315,field_waveforms/315.txt,manual_reference_picks.csv#315,1000,1000,1,yes,workspace/Fig_9/pre_data
316,field_waveforms/316.txt,manual_reference_picks.csv#316,1000,1000,1,yes,workspace/Fig_9/pre_data
317,field_waveforms/317.txt,manual_reference_picks.csv#317,1000,1000,1,yes,workspace/Fig_9/pre_data
318,field_waveforms/318.txt,manual_reference_picks.csv#318,1000,1000,1,yes,workspace/Fig_9/pre_data
319,field_waveforms/319.txt,manual_reference_picks.csv#319,1000,1000,1,yes,workspace/Fig_9/pre_data
320,field_waveforms/320.txt,manual_reference_picks.csv#320,1000,1000,1,yes,workspace/Fig_9/pre_data
321,field_waveforms/321.txt,manual_reference_picks.csv#321,1000,1000,1,yes,workspace/Fig_9/pre_data
322,field_waveforms/322.txt,manual_reference_picks.csv#322,1000,1000,1,yes,workspace/Fig_9/pre_data
323,field_waveforms/323.txt,manual_reference_picks.csv#323,1000,1000,1,yes,workspace/Fig_9/pre_data
324,field_waveforms/324.txt,manual_reference_picks.csv#324,1000,1000,1,yes,workspace/Fig_9/pre_data
325,field_waveforms/325.txt,manual_reference_picks.csv#325,1000,1000,1,yes,workspace/Fig_9/pre_data
326,field_waveforms/326.txt,manual_reference_picks.csv#326,1000,1000,1,yes,workspace/Fig_9/pre_data
327,field_waveforms/327.txt,manual_reference_picks.csv#327,1000,1000,1,yes,workspace/Fig_9/pre_data
328,field_waveforms/328.txt,manual_reference_picks.csv#328,1000,1000,1,yes,workspace/Fig_9/pre_data
329,field_waveforms/329.txt,manual_reference_picks.csv#329,1000,1000,1,yes,workspace/Fig_9/pre_data
330,field_waveforms/330.txt,manual_reference_picks.csv#330,1000,1000,1,yes,workspace/Fig_9/pre_data
331,field_waveforms/331.txt,manual_reference_picks.csv#331,1000,1000,1,yes,workspace/Fig_9/pre_data
332,field_waveforms/332.txt,manual_reference_picks.csv#332,1000,1000,1,yes,workspace/Fig_9/pre_data
333,field_waveforms/333.txt,manual_reference_picks.csv#333,1000,1000,1,yes,workspace/Fig_9/pre_data
334,field_waveforms/334.txt,manual_reference_picks.csv#334,1000,1000,1,yes,workspace/Fig_9/pre_data
335,field_waveforms/335.txt,manual_reference_picks.csv#335,1000,1000,1,yes,workspace/Fig_9/pre_data
336,field_waveforms/336.txt,manual_reference_picks.csv#336,1000,1000,1,yes,workspace/Fig_9/pre_data
337,field_waveforms/337.txt,manual_reference_picks.csv#337,1000,1000,1,yes,workspace/Fig_9/pre_data
338,field_waveforms/338.txt,manual_reference_picks.csv#338,1000,1000,1,yes,workspace/Fig_9/pre_data
339,field_waveforms/339.txt,manual_reference_picks.csv#339,1000,1000,1,yes,workspace/Fig_9/pre_data
340,field_waveforms/340.txt,manual_reference_picks.csv#340,1000,1000,1,yes,workspace/Fig_9/pre_data
341,field_waveforms/341.txt,manual_reference_picks.csv#341,1000,1000,1,yes,workspace/Fig_9/pre_data
342,field_waveforms/342.txt,manual_reference_picks.csv#342,1000,1000,1,yes,workspace/Fig_9/pre_data
343,field_waveforms/343.txt,manual_reference_picks.csv#343,1000,1000,1,yes,workspace/Fig_9/pre_data
344,field_waveforms/344.txt,manual_reference_picks.csv#344,1000,1000,1,yes,workspace/Fig_9/pre_data
345,field_waveforms/345.txt,manual_reference_picks.csv#345,1000,1000,1,yes,workspace/Fig_9/pre_data
346,field_waveforms/346.txt,manual_reference_picks.csv#346,1000,1000,1,yes,workspace/Fig_9/pre_data
347,field_waveforms/347.txt,manual_reference_picks.csv#347,1000,1000,1,yes,workspace/Fig_9/pre_data
348,field_waveforms/348.txt,manual_reference_picks.csv#348,1000,1000,1,yes,workspace/Fig_9/pre_data
349,field_waveforms/349.txt,manual_reference_picks.csv#349,1000,1000,1,yes,workspace/Fig_9/pre_data
350,field_waveforms/350.txt,manual_reference_picks.csv#350,1000,1000,1,yes,workspace/Fig_9/pre_data
351,field_waveforms/351.txt,manual_reference_picks.csv#351,1000,1000,1,yes,workspace/Fig_9/pre_data
352,field_waveforms/352.txt,manual_reference_picks.csv#352,1000,1000,1,yes,workspace/Fig_9/pre_data
353,field_waveforms/353.txt,manual_reference_picks.csv#353,1000,1000,1,yes,workspace/Fig_9/pre_data
354,field_waveforms/354.txt,manual_reference_picks.csv#354,1000,1000,1,yes,workspace/Fig_9/pre_data
355,field_waveforms/355.txt,manual_reference_picks.csv#355,1000,1000,1,yes,workspace/Fig_9/pre_data
356,field_waveforms/356.txt,manual_reference_picks.csv#356,1000,1000,1,yes,workspace/Fig_9/pre_data
357,field_waveforms/357.txt,manual_reference_picks.csv#357,1000,1000,1,yes,workspace/Fig_9/pre_data
358,field_waveforms/358.txt,manual_reference_picks.csv#358,1000,1000,1,yes,workspace/Fig_9/pre_data
359,field_waveforms/359.txt,manual_reference_picks.csv#359,1000,1000,1,yes,workspace/Fig_9/pre_data
360,field_waveforms/360.txt,manual_reference_picks.csv#360,1000,1000,1,yes,workspace/Fig_9/pre_data
361,field_waveforms/361.txt,manual_reference_picks.csv#361,1000,1000,1,yes,workspace/Fig_9/pre_data
362,field_waveforms/362.txt,manual_reference_picks.csv#362,1000,1000,1,yes,workspace/Fig_9/pre_data
363,field_waveforms/363.txt,manual_reference_picks.csv#363,1000,1000,1,yes,workspace/Fig_9/pre_data
364,field_waveforms/364.txt,manual_reference_picks.csv#364,1000,1000,1,yes,workspace/Fig_9/pre_data
365,field_waveforms/365.txt,manual_reference_picks.csv#365,1000,1000,1,yes,workspace/Fig_9/pre_data
366,field_waveforms/366.txt,manual_reference_picks.csv#366,1000,1000,1,yes,workspace/Fig_9/pre_data
367,field_waveforms/367.txt,manual_reference_picks.csv#367,1000,1000,1,yes,workspace/Fig_9/pre_data
368,field_waveforms/368.txt,manual_reference_picks.csv#368,1000,1000,1,yes,workspace/Fig_9/pre_data
369,field_waveforms/369.txt,manual_reference_picks.csv#369,1000,1000,1,yes,workspace/Fig_9/pre_data
370,field_waveforms/370.txt,manual_reference_picks.csv#370,1000,1000,1,yes,workspace/Fig_9/pre_data
371,field_waveforms/371.txt,manual_reference_picks.csv#371,1000,1000,1,yes,workspace/Fig_9/pre_data
372,field_waveforms/372.txt,manual_reference_picks.csv#372,1000,1000,1,yes,workspace/Fig_9/pre_data
373,field_waveforms/373.txt,manual_reference_picks.csv#373,1000,1000,1,yes,workspace/Fig_9/pre_data
374,field_waveforms/374.txt,manual_reference_picks.csv#374,1000,1000,1,yes,workspace/Fig_9/pre_data
375,field_waveforms/375.txt,manual_reference_picks.csv#375,1000,1000,1,yes,workspace/Fig_9/pre_data
376,field_waveforms/376.txt,manual_reference_picks.csv#376,1000,1000,1,yes,workspace/Fig_9/pre_data
377,field_waveforms/377.txt,manual_reference_picks.csv#377,1000,1000,1,yes,workspace/Fig_9/pre_data
378,field_waveforms/378.txt,manual_reference_picks.csv#378,1000,1000,1,yes,workspace/Fig_9/pre_data
379,field_waveforms/379.txt,manual_reference_picks.csv#379,1000,1000,1,yes,workspace/Fig_9/pre_data
380,field_waveforms/380.txt,manual_reference_picks.csv#380,1000,1000,1,yes,workspace/Fig_9/pre_data
381,field_waveforms/381.txt,manual_reference_picks.csv#381,1000,1000,1,yes,workspace/Fig_9/pre_data
382,field_waveforms/382.txt,manual_reference_picks.csv#382,1000,1000,1,yes,workspace/Fig_9/pre_data
383,field_waveforms/383.txt,manual_reference_picks.csv#383,1000,1000,1,yes,workspace/Fig_9/pre_data
384,field_waveforms/384.txt,manual_reference_picks.csv#384,1000,1000,1,yes,workspace/Fig_9/pre_data
385,field_waveforms/385.txt,manual_reference_picks.csv#385,1000,1000,1,yes,workspace/Fig_9/pre_data
386,field_waveforms/386.txt,manual_reference_picks.csv#386,1000,1000,1,yes,workspace/Fig_9/pre_data
387,field_waveforms/387.txt,manual_reference_picks.csv#387,1000,1000,1,yes,workspace/Fig_9/pre_data
388,field_waveforms/388.txt,manual_reference_picks.csv#388,1000,1000,1,yes,workspace/Fig_9/pre_data
389,field_waveforms/389.txt,manual_reference_picks.csv#389,1000,1000,1,yes,workspace/Fig_9/pre_data
390,field_waveforms/390.txt,manual_reference_picks.csv#390,1000,1000,1,yes,workspace/Fig_9/pre_data
391,field_waveforms/391.txt,manual_reference_picks.csv#391,1000,1000,1,yes,workspace/Fig_9/pre_data
392,field_waveforms/392.txt,manual_reference_picks.csv#392,1000,1000,1,yes,workspace/Fig_9/pre_data
393,field_waveforms/393.txt,manual_reference_picks.csv#393,1000,1000,1,yes,workspace/Fig_9/pre_data
394,field_waveforms/394.txt,manual_reference_picks.csv#394,1000,1000,1,yes,workspace/Fig_9/pre_data
395,field_waveforms/395.txt,manual_reference_picks.csv#395,1000,1000,1,yes,workspace/Fig_9/pre_data
396,field_waveforms/396.txt,manual_reference_picks.csv#396,1000,1000,1,yes,workspace/Fig_9/pre_data
397,field_waveforms/397.txt,manual_reference_picks.csv#397,1000,1000,1,yes,workspace/Fig_9/pre_data
398,field_waveforms/398.txt,manual_reference_picks.csv#398,1000,1000,1,yes,workspace/Fig_9/pre_data
399,field_waveforms/399.txt,manual_reference_picks.csv#399,1000,1000,1,yes,workspace/Fig_9/pre_data
400,field_waveforms/400.txt,manual_reference_picks.csv#400,1000,1000,1,yes,workspace/Fig_9/pre_data
401,field_waveforms/401.txt,manual_reference_picks.csv#401,1000,1000,1,yes,workspace/Fig_9/pre_data
402,field_waveforms/402.txt,manual_reference_picks.csv#402,1000,1000,1,yes,workspace/Fig_9/pre_data
403,field_waveforms/403.txt,manual_reference_picks.csv#403,1000,1000,1,yes,workspace/Fig_9/pre_data
404,field_waveforms/404.txt,manual_reference_picks.csv#404,1000,1000,1,yes,workspace/Fig_9/pre_data
405,field_waveforms/405.txt,manual_reference_picks.csv#405,1000,1000,1,yes,workspace/Fig_9/pre_data
406,field_waveforms/406.txt,manual_reference_picks.csv#406,1000,1000,1,yes,workspace/Fig_9/pre_data
407,field_waveforms/407.txt,manual_reference_picks.csv#407,1000,1000,1,yes,workspace/Fig_9/pre_data
408,field_waveforms/408.txt,manual_reference_picks.csv#408,1000,1000,1,yes,workspace/Fig_9/pre_data
409,field_waveforms/409.txt,manual_reference_picks.csv#409,1000,1000,1,yes,workspace/Fig_9/pre_data
410,field_waveforms/410.txt,manual_reference_picks.csv#410,1000,1000,1,yes,workspace/Fig_9/pre_data
411,field_waveforms/411.txt,manual_reference_picks.csv#411,1000,1000,1,yes,workspace/Fig_9/pre_data
412,field_waveforms/412.txt,manual_reference_picks.csv#412,1000,1000,1,yes,workspace/Fig_9/pre_data
413,field_waveforms/413.txt,manual_reference_picks.csv#413,1000,1000,1,yes,workspace/Fig_9/pre_data
414,field_waveforms/414.txt,manual_reference_picks.csv#414,1000,1000,1,yes,workspace/Fig_9/pre_data
415,field_waveforms/415.txt,manual_reference_picks.csv#415,1000,1000,1,yes,workspace/Fig_9/pre_data
416,field_waveforms/416.txt,manual_reference_picks.csv#416,1000,1000,1,yes,workspace/Fig_9/pre_data
417,field_waveforms/417.txt,manual_reference_picks.csv#417,1000,1000,1,yes,workspace/Fig_9/pre_data
418,field_waveforms/418.txt,manual_reference_picks.csv#418,1000,1000,1,yes,workspace/Fig_9/pre_data
419,field_waveforms/419.txt,manual_reference_picks.csv#419,1000,1000,1,yes,workspace/Fig_9/pre_data
420,field_waveforms/420.txt,manual_reference_picks.csv#420,1000,1000,1,yes,workspace/Fig_9/pre_data
421,field_waveforms/421.txt,manual_reference_picks.csv#421,1000,1000,1,yes,workspace/Fig_9/pre_data
422,field_waveforms/422.txt,manual_reference_picks.csv#422,1000,1000,1,yes,workspace/Fig_9/pre_data
423,field_waveforms/423.txt,manual_reference_picks.csv#423,1000,1000,1,yes,workspace/Fig_9/pre_data
424,field_waveforms/424.txt,manual_reference_picks.csv#424,1000,1000,1,yes,workspace/Fig_9/pre_data
425,field_waveforms/425.txt,manual_reference_picks.csv#425,1000,1000,1,yes,workspace/Fig_9/pre_data
426,field_waveforms/426.txt,manual_reference_picks.csv#426,1000,1000,1,yes,workspace/Fig_9/pre_data
427,field_waveforms/427.txt,manual_reference_picks.csv#427,1000,1000,1,yes,workspace/Fig_9/pre_data
428,field_waveforms/428.txt,manual_reference_picks.csv#428,1000,1000,1,yes,workspace/Fig_9/pre_data
429,field_waveforms/429.txt,manual_reference_picks.csv#429,1000,1000,1,yes,workspace/Fig_9/pre_data
430,field_waveforms/430.txt,manual_reference_picks.csv#430,1000,1000,1,yes,workspace/Fig_9/pre_data
431,field_waveforms/431.txt,manual_reference_picks.csv#431,1000,1000,1,yes,workspace/Fig_9/pre_data
432,field_waveforms/432.txt,manual_reference_picks.csv#432,1000,1000,1,yes,workspace/Fig_9/pre_data
433,field_waveforms/433.txt,manual_reference_picks.csv#433,1000,1000,1,yes,workspace/Fig_9/pre_data
434,field_waveforms/434.txt,manual_reference_picks.csv#434,1000,1000,1,yes,workspace/Fig_9/pre_data
435,field_waveforms/435.txt,manual_reference_picks.csv#435,1000,1000,1,yes,workspace/Fig_9/pre_data
436,field_waveforms/436.txt,manual_reference_picks.csv#436,1000,1000,1,yes,workspace/Fig_9/pre_data
437,field_waveforms/437.txt,manual_reference_picks.csv#437,1000,1000,1,yes,workspace/Fig_9/pre_data
438,field_waveforms/438.txt,manual_reference_picks.csv#438,1000,1000,1,yes,workspace/Fig_9/pre_data
439,field_waveforms/439.txt,manual_reference_picks.csv#439,1000,1000,1,yes,workspace/Fig_9/pre_data
440,field_waveforms/440.txt,manual_reference_picks.csv#440,1000,1000,1,yes,workspace/Fig_9/pre_data
441,field_waveforms/441.txt,manual_reference_picks.csv#441,1000,1000,1,yes,workspace/Fig_9/pre_data
442,field_waveforms/442.txt,manual_reference_picks.csv#442,1000,1000,1,yes,workspace/Fig_9/pre_data
443,field_waveforms/443.txt,manual_reference_picks.csv#443,1000,1000,1,yes,workspace/Fig_9/pre_data
444,field_waveforms/444.txt,manual_reference_picks.csv#444,1000,1000,1,yes,workspace/Fig_9/pre_data
445,field_waveforms/445.txt,manual_reference_picks.csv#445,1000,1000,1,yes,workspace/Fig_9/pre_data
446,field_waveforms/446.txt,manual_reference_picks.csv#446,1000,1000,1,yes,workspace/Fig_9/pre_data
447,field_waveforms/447.txt,manual_reference_picks.csv#447,1000,1000,1,yes,workspace/Fig_9/pre_data
448,field_waveforms/448.txt,manual_reference_picks.csv#448,1000,1000,1,yes,workspace/Fig_9/pre_data
449,field_waveforms/449.txt,manual_reference_picks.csv#449,1000,1000,1,yes,workspace/Fig_9/pre_data
450,field_waveforms/450.txt,manual_reference_picks.csv#450,1000,1000,1,yes,workspace/Fig_9/pre_data
451,field_waveforms/451.txt,manual_reference_picks.csv#451,1000,1000,1,yes,workspace/Fig_9/pre_data
452,field_waveforms/452.txt,manual_reference_picks.csv#452,1000,1000,1,yes,workspace/Fig_9/pre_data
453,field_waveforms/453.txt,manual_reference_picks.csv#453,1000,1000,1,yes,workspace/Fig_9/pre_data
454,field_waveforms/454.txt,manual_reference_picks.csv#454,1000,1000,1,yes,workspace/Fig_9/pre_data
455,field_waveforms/455.txt,manual_reference_picks.csv#455,1000,1000,1,yes,workspace/Fig_9/pre_data
456,field_waveforms/456.txt,manual_reference_picks.csv#456,1000,1000,1,yes,workspace/Fig_9/pre_data
457,field_waveforms/457.txt,manual_reference_picks.csv#457,1000,1000,1,yes,workspace/Fig_9/pre_data
458,field_waveforms/458.txt,manual_reference_picks.csv#458,1000,1000,1,yes,workspace/Fig_9/pre_data
459,field_waveforms/459.txt,manual_reference_picks.csv#459,1000,1000,1,yes,workspace/Fig_9/pre_data
460,field_waveforms/460.txt,manual_reference_picks.csv#460,1000,1000,1,yes,workspace/Fig_9/pre_data
461,field_waveforms/461.txt,manual_reference_picks.csv#461,1000,1000,1,yes,workspace/Fig_9/pre_data
462,field_waveforms/462.txt,manual_reference_picks.csv#462,1000,1000,1,yes,workspace/Fig_9/pre_data
463,field_waveforms/463.txt,manual_reference_picks.csv#463,1000,1000,1,yes,workspace/Fig_9/pre_data
464,field_waveforms/464.txt,manual_reference_picks.csv#464,1000,1000,1,yes,workspace/Fig_9/pre_data
465,field_waveforms/465.txt,manual_reference_picks.csv#465,1000,1000,1,yes,workspace/Fig_9/pre_data
466,field_waveforms/466.txt,manual_reference_picks.csv#466,1000,1000,1,yes,workspace/Fig_9/pre_data
467,field_waveforms/467.txt,manual_reference_picks.csv#467,1000,1000,1,yes,workspace/Fig_9/pre_data
468,field_waveforms/468.txt,manual_reference_picks.csv#468,1000,1000,1,yes,workspace/Fig_9/pre_data
469,field_waveforms/469.txt,manual_reference_picks.csv#469,1000,1000,1,yes,workspace/Fig_9/pre_data
470,field_waveforms/470.txt,manual_reference_picks.csv#470,1000,1000,1,yes,workspace/Fig_9/pre_data
471,field_waveforms/471.txt,manual_reference_picks.csv#471,1000,1000,1,yes,workspace/Fig_9/pre_data
472,field_waveforms/472.txt,manual_reference_picks.csv#472,1000,1000,1,yes,workspace/Fig_9/pre_data
473,field_waveforms/473.txt,manual_reference_picks.csv#473,1000,1000,1,yes,workspace/Fig_9/pre_data
474,field_waveforms/474.txt,manual_reference_picks.csv#474,1000,1000,1,yes,workspace/Fig_9/pre_data
475,field_waveforms/475.txt,manual_reference_picks.csv#475,1000,1000,1,yes,workspace/Fig_9/pre_data
476,field_waveforms/476.txt,manual_reference_picks.csv#476,1000,1000,1,yes,workspace/Fig_9/pre_data
477,field_waveforms/477.txt,manual_reference_picks.csv#477,1000,1000,1,yes,workspace/Fig_9/pre_data
478,field_waveforms/478.txt,manual_reference_picks.csv#478,1000,1000,1,yes,workspace/Fig_9/pre_data
479,field_waveforms/479.txt,manual_reference_picks.csv#479,1000,1000,1,yes,workspace/Fig_9/pre_data
480,field_waveforms/480.txt,manual_reference_picks.csv#480,1000,1000,1,yes,workspace/Fig_9/pre_data
481,field_waveforms/481.txt,manual_reference_picks.csv#481,1000,1000,1,yes,workspace/Fig_9/pre_data
482,field_waveforms/482.txt,manual_reference_picks.csv#482,1000,1000,1,yes,workspace/Fig_9/pre_data
483,field_waveforms/483.txt,manual_reference_picks.csv#483,1000,1000,1,yes,workspace/Fig_9/pre_data
484,field_waveforms/484.txt,manual_reference_picks.csv#484,1000,1000,1,yes,workspace/Fig_9/pre_data
485,field_waveforms/485.txt,manual_reference_picks.csv#485,1000,1000,1,yes,workspace/Fig_9/pre_data
486,field_waveforms/486.txt,manual_reference_picks.csv#486,1000,1000,1,yes,workspace/Fig_9/pre_data
487,field_waveforms/487.txt,manual_reference_picks.csv#487,1000,1000,1,yes,workspace/Fig_9/pre_data
488,field_waveforms/488.txt,manual_reference_picks.csv#488,1000,1000,1,yes,workspace/Fig_9/pre_data
489,field_waveforms/489.txt,manual_reference_picks.csv#489,1000,1000,1,yes,workspace/Fig_9/pre_data
490,field_waveforms/490.txt,manual_reference_picks.csv#490,1000,1000,1,yes,workspace/Fig_9/pre_data
491,field_waveforms/491.txt,manual_reference_picks.csv#491,1000,1000,1,yes,workspace/Fig_9/pre_data
492,field_waveforms/492.txt,manual_reference_picks.csv#492,1000,1000,1,yes,workspace/Fig_9/pre_data
493,field_waveforms/493.txt,manual_reference_picks.csv#493,1000,1000,1,yes,workspace/Fig_9/pre_data
494,field_waveforms/494.txt,manual_reference_picks.csv#494,1000,1000,1,yes,workspace/Fig_9/pre_data
495,field_waveforms/495.txt,manual_reference_picks.csv#495,1000,1000,1,yes,workspace/Fig_9/pre_data
496,field_waveforms/496.txt,manual_reference_picks.csv#496,1000,1000,1,yes,workspace/Fig_9/pre_data
497,field_waveforms/497.txt,manual_reference_picks.csv#497,1000,1000,1,yes,workspace/Fig_9/pre_data
498,field_waveforms/498.txt,manual_reference_picks.csv#498,1000,1000,1,yes,workspace/Fig_9/pre_data
499,field_waveforms/499.txt,manual_reference_picks.csv#499,1000,1000,1,yes,workspace/Fig_9/pre_data
500,field_waveforms/500.txt,manual_reference_picks.csv#500,1000,1000,1,yes,workspace/Fig_9/pre_data
501,field_waveforms/501.txt,manual_reference_picks.csv#501,1000,1000,1,yes,workspace/Fig_9/pre_data
502,field_waveforms/502.txt,manual_reference_picks.csv#502,1000,1000,1,yes,workspace/Fig_9/pre_data
503,field_waveforms/503.txt,manual_reference_picks.csv#503,1000,1000,1,yes,workspace/Fig_9/pre_data
504,field_waveforms/504.txt,manual_reference_picks.csv#504,1000,1000,1,yes,workspace/Fig_9/pre_data
505,field_waveforms/505.txt,manual_reference_picks.csv#505,1000,1000,1,yes,workspace/Fig_9/pre_data
506,field_waveforms/506.txt,manual_reference_picks.csv#506,1000,1000,1,yes,workspace/Fig_9/pre_data
507,field_waveforms/507.txt,manual_reference_picks.csv#507,1000,1000,1,yes,workspace/Fig_9/pre_data
508,field_waveforms/508.txt,manual_reference_picks.csv#508,1000,1000,1,yes,workspace/Fig_9/pre_data
509,field_waveforms/509.txt,manual_reference_picks.csv#509,1000,1000,1,yes,workspace/Fig_9/pre_data
510,field_waveforms/510.txt,manual_reference_picks.csv#510,1000,1000,1,yes,workspace/Fig_9/pre_data
511,field_waveforms/511.txt,manual_reference_picks.csv#511,1000,1000,1,yes,workspace/Fig_9/pre_data
512,field_waveforms/512.txt,manual_reference_picks.csv#512,1000,1000,1,yes,workspace/Fig_9/pre_data
513,field_waveforms/513.txt,manual_reference_picks.csv#513,1000,1000,1,yes,workspace/Fig_9/pre_data
514,field_waveforms/514.txt,manual_reference_picks.csv#514,1000,1000,1,yes,workspace/Fig_9/pre_data
515,field_waveforms/515.txt,manual_reference_picks.csv#515,1000,1000,1,yes,workspace/Fig_9/pre_data
516,field_waveforms/516.txt,manual_reference_picks.csv#516,1000,1000,1,yes,workspace/Fig_9/pre_data
517,field_waveforms/517.txt,manual_reference_picks.csv#517,1000,1000,1,yes,workspace/Fig_9/pre_data
518,field_waveforms/518.txt,manual_reference_picks.csv#518,1000,1000,1,yes,workspace/Fig_9/pre_data
519,field_waveforms/519.txt,manual_reference_picks.csv#519,1000,1000,1,yes,workspace/Fig_9/pre_data
520,field_waveforms/520.txt,manual_reference_picks.csv#520,1000,1000,1,yes,workspace/Fig_9/pre_data
521,field_waveforms/521.txt,manual_reference_picks.csv#521,1000,1000,1,yes,workspace/Fig_9/pre_data
522,field_waveforms/522.txt,manual_reference_picks.csv#522,1000,1000,1,yes,workspace/Fig_9/pre_data
523,field_waveforms/523.txt,manual_reference_picks.csv#523,1000,1000,1,yes,workspace/Fig_9/pre_data
524,field_waveforms/524.txt,manual_reference_picks.csv#524,1000,1000,1,yes,workspace/Fig_9/pre_data
525,field_waveforms/525.txt,manual_reference_picks.csv#525,1000,1000,1,yes,workspace/Fig_9/pre_data
526,field_waveforms/526.txt,manual_reference_picks.csv#526,1000,1000,1,yes,workspace/Fig_9/pre_data
527,field_waveforms/527.txt,manual_reference_picks.csv#527,1000,1000,1,yes,workspace/Fig_9/pre_data
528,field_waveforms/528.txt,manual_reference_picks.csv#528,1000,1000,1,yes,workspace/Fig_9/pre_data
529,field_waveforms/529.txt,manual_reference_picks.csv#529,1000,1000,1,yes,workspace/Fig_9/pre_data
530,field_waveforms/530.txt,manual_reference_picks.csv#530,1000,1000,1,yes,workspace/Fig_9/pre_data
531,field_waveforms/531.txt,manual_reference_picks.csv#531,1000,1000,1,yes,workspace/Fig_9/pre_data
532,field_waveforms/532.txt,manual_reference_picks.csv#532,1000,1000,1,yes,workspace/Fig_9/pre_data
533,field_waveforms/533.txt,manual_reference_picks.csv#533,1000,1000,1,yes,workspace/Fig_9/pre_data
534,field_waveforms/534.txt,manual_reference_picks.csv#534,1000,1000,1,yes,workspace/Fig_9/pre_data
535,field_waveforms/535.txt,manual_reference_picks.csv#535,1000,1000,1,yes,workspace/Fig_9/pre_data
536,field_waveforms/536.txt,manual_reference_picks.csv#536,1000,1000,1,yes,workspace/Fig_9/pre_data
537,field_waveforms/537.txt,manual_reference_picks.csv#537,1000,1000,1,yes,workspace/Fig_9/pre_data
538,field_waveforms/538.txt,manual_reference_picks.csv#538,1000,1000,1,yes,workspace/Fig_9/pre_data
539,field_waveforms/539.txt,manual_reference_picks.csv#539,1000,1000,1,yes,workspace/Fig_9/pre_data
540,field_waveforms/540.txt,manual_reference_picks.csv#540,1000,1000,1,yes,workspace/Fig_9/pre_data
541,field_waveforms/541.txt,manual_reference_picks.csv#541,1000,1000,1,yes,workspace/Fig_9/pre_data
542,field_waveforms/542.txt,manual_reference_picks.csv#542,1000,1000,1,yes,workspace/Fig_9/pre_data
543,field_waveforms/543.txt,manual_reference_picks.csv#543,1000,1000,1,yes,workspace/Fig_9/pre_data
544,field_waveforms/544.txt,manual_reference_picks.csv#544,1000,1000,1,yes,workspace/Fig_9/pre_data
545,field_waveforms/545.txt,manual_reference_picks.csv#545,1000,1000,1,yes,workspace/Fig_9/pre_data
546,field_waveforms/546.txt,manual_reference_picks.csv#546,1000,1000,1,yes,workspace/Fig_9/pre_data
547,field_waveforms/547.txt,manual_reference_picks.csv#547,1000,1000,1,yes,workspace/Fig_9/pre_data
548,field_waveforms/548.txt,manual_reference_picks.csv#548,1000,1000,1,yes,workspace/Fig_9/pre_data
549,field_waveforms/549.txt,manual_reference_picks.csv#549,1000,1000,1,yes,workspace/Fig_9/pre_data
550,field_waveforms/550.txt,manual_reference_picks.csv#550,1000,1000,1,yes,workspace/Fig_9/pre_data
551,field_waveforms/551.txt,manual_reference_picks.csv#551,1000,1000,1,yes,workspace/Fig_9/pre_data
552,field_waveforms/552.txt,manual_reference_picks.csv#552,1000,1000,1,yes,workspace/Fig_9/pre_data
553,field_waveforms/553.txt,manual_reference_picks.csv#553,1000,1000,1,yes,workspace/Fig_9/pre_data
554,field_waveforms/554.txt,manual_reference_picks.csv#554,1000,1000,1,yes,workspace/Fig_9/pre_data
555,field_waveforms/555.txt,manual_reference_picks.csv#555,1000,1000,1,yes,workspace/Fig_9/pre_data
556,field_waveforms/556.txt,manual_reference_picks.csv#556,1000,1000,1,yes,workspace/Fig_9/pre_data
557,field_waveforms/557.txt,manual_reference_picks.csv#557,1000,1000,1,yes,workspace/Fig_9/pre_data
558,field_waveforms/558.txt,manual_reference_picks.csv#558,1000,1000,1,yes,workspace/Fig_9/pre_data
559,field_waveforms/559.txt,manual_reference_picks.csv#559,1000,1000,1,yes,workspace/Fig_9/pre_data
560,field_waveforms/560.txt,manual_reference_picks.csv#560,1000,1000,1,yes,workspace/Fig_9/pre_data
561,field_waveforms/561.txt,manual_reference_picks.csv#561,1000,1000,1,yes,workspace/Fig_9/pre_data
562,field_waveforms/562.txt,manual_reference_picks.csv#562,1000,1000,1,yes,workspace/Fig_9/pre_data
563,field_waveforms/563.txt,manual_reference_picks.csv#563,1000,1000,1,yes,workspace/Fig_9/pre_data
564,field_waveforms/564.txt,manual_reference_picks.csv#564,1000,1000,1,yes,workspace/Fig_9/pre_data
565,field_waveforms/565.txt,manual_reference_picks.csv#565,1000,1000,1,yes,workspace/Fig_9/pre_data
566,field_waveforms/566.txt,manual_reference_picks.csv#566,1000,1000,1,yes,workspace/Fig_9/pre_data
567,field_waveforms/567.txt,manual_reference_picks.csv#567,1000,1000,1,yes,workspace/Fig_9/pre_data
568,field_waveforms/568.txt,manual_reference_picks.csv#568,1000,1000,1,yes,workspace/Fig_9/pre_data
569,field_waveforms/569.txt,manual_reference_picks.csv#569,1000,1000,1,yes,workspace/Fig_9/pre_data
570,field_waveforms/570.txt,manual_reference_picks.csv#570,1000,1000,1,yes,workspace/Fig_9/pre_data
571,field_waveforms/571.txt,manual_reference_picks.csv#571,1000,1000,1,yes,workspace/Fig_9/pre_data
572,field_waveforms/572.txt,manual_reference_picks.csv#572,1000,1000,1,yes,workspace/Fig_9/pre_data
573,field_waveforms/573.txt,manual_reference_picks.csv#573,1000,1000,1,yes,workspace/Fig_9/pre_data
574,field_waveforms/574.txt,manual_reference_picks.csv#574,1000,1000,1,yes,workspace/Fig_9/pre_data
575,field_waveforms/575.txt,manual_reference_picks.csv#575,1000,1000,1,yes,workspace/Fig_9/pre_data
576,field_waveforms/576.txt,manual_reference_picks.csv#576,1000,1000,1,yes,workspace/Fig_9/pre_data
577,field_waveforms/577.txt,manual_reference_picks.csv#577,1000,1000,1,yes,workspace/Fig_9/pre_data
578,field_waveforms/578.txt,manual_reference_picks.csv#578,1000,1000,1,yes,workspace/Fig_9/pre_data
579,field_waveforms/579.txt,manual_reference_picks.csv#579,1000,1000,1,yes,workspace/Fig_9/pre_data
580,field_waveforms/580.txt,manual_reference_picks.csv#580,1000,1000,1,yes,workspace/Fig_9/pre_data
581,field_waveforms/581.txt,manual_reference_picks.csv#581,1000,1000,1,yes,workspace/Fig_9/pre_data
582,field_waveforms/582.txt,manual_reference_picks.csv#582,1000,1000,1,yes,workspace/Fig_9/pre_data
583,field_waveforms/583.txt,manual_reference_picks.csv#583,1000,1000,1,yes,workspace/Fig_9/pre_data
584,field_waveforms/584.txt,manual_reference_picks.csv#584,1000,1000,1,yes,workspace/Fig_9/pre_data
585,field_waveforms/585.txt,manual_reference_picks.csv#585,1000,1000,1,yes,workspace/Fig_9/pre_data
586,field_waveforms/586.txt,manual_reference_picks.csv#586,1000,1000,1,yes,workspace/Fig_9/pre_data
587,field_waveforms/587.txt,manual_reference_picks.csv#587,1000,1000,1,yes,workspace/Fig_9/pre_data
588,field_waveforms/588.txt,manual_reference_picks.csv#588,1000,1000,1,yes,workspace/Fig_9/pre_data
589,field_waveforms/589.txt,manual_reference_picks.csv#589,1000,1000,1,yes,workspace/Fig_9/pre_data
590,field_waveforms/590.txt,manual_reference_picks.csv#590,1000,1000,1,yes,workspace/Fig_9/pre_data
591,field_waveforms/591.txt,manual_reference_picks.csv#591,1000,1000,1,yes,workspace/Fig_9/pre_data
592,field_waveforms/592.txt,manual_reference_picks.csv#592,1000,1000,1,yes,workspace/Fig_9/pre_data
593,field_waveforms/593.txt,manual_reference_picks.csv#593,1000,1000,1,yes,workspace/Fig_9/pre_data
594,field_waveforms/594.txt,manual_reference_picks.csv#594,1000,1000,1,yes,workspace/Fig_9/pre_data
595,field_waveforms/595.txt,manual_reference_picks.csv#595,1000,1000,1,yes,workspace/Fig_9/pre_data
596,field_waveforms/596.txt,manual_reference_picks.csv#596,1000,1000,1,yes,workspace/Fig_9/pre_data
597,field_waveforms/597.txt,manual_reference_picks.csv#597,1000,1000,1,yes,workspace/Fig_9/pre_data
598,field_waveforms/598.txt,manual_reference_picks.csv#598,1000,1000,1,yes,workspace/Fig_9/pre_data
599,field_waveforms/599.txt,manual_reference_picks.csv#599,1000,1000,1,yes,workspace/Fig_9/pre_data
600,field_waveforms/600.txt,manual_reference_picks.csv#600,1000,1000,1,yes,workspace/Fig_9/pre_data
601,field_waveforms/601.txt,manual_reference_picks.csv#601,1000,1000,1,yes,workspace/Fig_9/pre_data
602,field_waveforms/602.txt,manual_reference_picks.csv#602,1000,1000,1,yes,workspace/Fig_9/pre_data
603,field_waveforms/603.txt,manual_reference_picks.csv#603,1000,1000,1,yes,workspace/Fig_9/pre_data
604,field_waveforms/604.txt,manual_reference_picks.csv#604,1000,1000,1,yes,workspace/Fig_9/pre_data
605,field_waveforms/605.txt,manual_reference_picks.csv#605,1000,1000,1,yes,workspace/Fig_9/pre_data
606,field_waveforms/606.txt,manual_reference_picks.csv#606,1000,1000,1,yes,workspace/Fig_9/pre_data
607,field_waveforms/607.txt,manual_reference_picks.csv#607,1000,1000,1,yes,workspace/Fig_9/pre_data
608,field_waveforms/608.txt,manual_reference_picks.csv#608,1000,1000,1,yes,workspace/Fig_9/pre_data
609,field_waveforms/609.txt,manual_reference_picks.csv#609,1000,1000,1,yes,workspace/Fig_9/pre_data
610,field_waveforms/610.txt,manual_reference_picks.csv#610,1000,1000,1,yes,workspace/Fig_9/pre_data
611,field_waveforms/611.txt,manual_reference_picks.csv#611,1000,1000,1,yes,workspace/Fig_9/pre_data
612,field_waveforms/612.txt,manual_reference_picks.csv#612,1000,1000,1,yes,workspace/Fig_9/pre_data
613,field_waveforms/613.txt,manual_reference_picks.csv#613,1000,1000,1,yes,workspace/Fig_9/pre_data
614,field_waveforms/614.txt,manual_reference_picks.csv#614,1000,1000,1,yes,workspace/Fig_9/pre_data
615,field_waveforms/615.txt,manual_reference_picks.csv#615,1000,1000,1,yes,workspace/Fig_9/pre_data
616,field_waveforms/616.txt,manual_reference_picks.csv#616,1000,1000,1,yes,workspace/Fig_9/pre_data
617,field_waveforms/617.txt,manual_reference_picks.csv#617,1000,1000,1,yes,workspace/Fig_9/pre_data
618,field_waveforms/618.txt,manual_reference_picks.csv#618,1000,1000,1,yes,workspace/Fig_9/pre_data
619,field_waveforms/619.txt,manual_reference_picks.csv#619,1000,1000,1,yes,workspace/Fig_9/pre_data
620,field_waveforms/620.txt,manual_reference_picks.csv#620,1000,1000,1,yes,workspace/Fig_9/pre_data
621,field_waveforms/621.txt,manual_reference_picks.csv#621,1000,1000,1,yes,workspace/Fig_9/pre_data
622,field_waveforms/622.txt,manual_reference_picks.csv#622,1000,1000,1,yes,workspace/Fig_9/pre_data
623,field_waveforms/623.txt,manual_reference_picks.csv#623,1000,1000,1,yes,workspace/Fig_9/pre_data
624,field_waveforms/624.txt,manual_reference_picks.csv#624,1000,1000,1,yes,workspace/Fig_9/pre_data
625,field_waveforms/625.txt,manual_reference_picks.csv#625,1000,1000,1,yes,workspace/Fig_9/pre_data
626,field_waveforms/626.txt,manual_reference_picks.csv#626,1000,1000,1,yes,workspace/Fig_9/pre_data
627,field_waveforms/627.txt,manual_reference_picks.csv#627,1000,1000,1,yes,workspace/Fig_9/pre_data
628,field_waveforms/628.txt,manual_reference_picks.csv#628,1000,1000,1,yes,workspace/Fig_9/pre_data
629,field_waveforms/629.txt,manual_reference_picks.csv#629,1000,1000,1,yes,workspace/Fig_9/pre_data
630,field_waveforms/630.txt,manual_reference_picks.csv#630,1000,1000,1,yes,workspace/Fig_9/pre_data
631,field_waveforms/631.txt,manual_reference_picks.csv#631,1000,1000,1,yes,workspace/Fig_9/pre_data
632,field_waveforms/632.txt,manual_reference_picks.csv#632,1000,1000,1,yes,workspace/Fig_9/pre_data
633,field_waveforms/633.txt,manual_reference_picks.csv#633,1000,1000,1,yes,workspace/Fig_9/pre_data
634,field_waveforms/634.txt,manual_reference_picks.csv#634,1000,1000,1,yes,workspace/Fig_9/pre_data
635,field_waveforms/635.txt,manual_reference_picks.csv#635,1000,1000,1,yes,workspace/Fig_9/pre_data
636,field_waveforms/636.txt,manual_reference_picks.csv#636,1000,1000,1,yes,workspace/Fig_9/pre_data
637,field_waveforms/637.txt,manual_reference_picks.csv#637,1000,1000,1,yes,workspace/Fig_9/pre_data
638,field_waveforms/638.txt,manual_reference_picks.csv#638,1000,1000,1,yes,workspace/Fig_9/pre_data
639,field_waveforms/639.txt,manual_reference_picks.csv#639,1000,1000,1,yes,workspace/Fig_9/pre_data
640,field_waveforms/640.txt,manual_reference_picks.csv#640,1000,1000,1,yes,workspace/Fig_9/pre_data
641,field_waveforms/641.txt,manual_reference_picks.csv#641,1000,1000,1,yes,workspace/Fig_9/pre_data
642,field_waveforms/642.txt,manual_reference_picks.csv#642,1000,1000,1,yes,workspace/Fig_9/pre_data
643,field_waveforms/643.txt,manual_reference_picks.csv#643,1000,1000,1,yes,workspace/Fig_9/pre_data
644,field_waveforms/644.txt,manual_reference_picks.csv#644,1000,1000,1,yes,workspace/Fig_9/pre_data
645,field_waveforms/645.txt,manual_reference_picks.csv#645,1000,1000,1,yes,workspace/Fig_9/pre_data
646,field_waveforms/646.txt,manual_reference_picks.csv#646,1000,1000,1,yes,workspace/Fig_9/pre_data
647,field_waveforms/647.txt,manual_reference_picks.csv#647,1000,1000,1,yes,workspace/Fig_9/pre_data
648,field_waveforms/648.txt,manual_reference_picks.csv#648,1000,1000,1,yes,workspace/Fig_9/pre_data
649,field_waveforms/649.txt,manual_reference_picks.csv#649,1000,1000,1,yes,workspace/Fig_9/pre_data
650,field_waveforms/650.txt,manual_reference_picks.csv#650,1000,1000,1,yes,workspace/Fig_9/pre_data
651,field_waveforms/651.txt,manual_reference_picks.csv#651,1000,1000,1,yes,workspace/Fig_9/pre_data
652,field_waveforms/652.txt,manual_reference_picks.csv#652,1000,1000,1,yes,workspace/Fig_9/pre_data
653,field_waveforms/653.txt,manual_reference_picks.csv#653,1000,1000,1,yes,workspace/Fig_9/pre_data
654,field_waveforms/654.txt,manual_reference_picks.csv#654,1000,1000,1,yes,workspace/Fig_9/pre_data
655,field_waveforms/655.txt,manual_reference_picks.csv#655,1000,1000,1,yes,workspace/Fig_9/pre_data
656,field_waveforms/656.txt,manual_reference_picks.csv#656,1000,1000,1,yes,workspace/Fig_9/pre_data
657,field_waveforms/657.txt,manual_reference_picks.csv#657,1000,1000,1,yes,workspace/Fig_9/pre_data
658,field_waveforms/658.txt,manual_reference_picks.csv#658,1000,1000,1,yes,workspace/Fig_9/pre_data
659,field_waveforms/659.txt,manual_reference_picks.csv#659,1000,1000,1,yes,workspace/Fig_9/pre_data
660,field_waveforms/660.txt,manual_reference_picks.csv#660,1000,1000,1,yes,workspace/Fig_9/pre_data
661,field_waveforms/661.txt,manual_reference_picks.csv#661,1000,1000,1,yes,workspace/Fig_9/pre_data
662,field_waveforms/662.txt,manual_reference_picks.csv#662,1000,1000,1,yes,workspace/Fig_9/pre_data
663,field_waveforms/663.txt,manual_reference_picks.csv#663,1000,1000,1,yes,workspace/Fig_9/pre_data
664,field_waveforms/664.txt,manual_reference_picks.csv#664,1000,1000,1,yes,workspace/Fig_9/pre_data
665,field_waveforms/665.txt,manual_reference_picks.csv#665,1000,1000,1,yes,workspace/Fig_9/pre_data
666,field_waveforms/666.txt,manual_reference_picks.csv#666,1000,1000,1,yes,workspace/Fig_9/pre_data
667,field_waveforms/667.txt,manual_reference_picks.csv#667,1000,1000,1,yes,workspace/Fig_9/pre_data
668,field_waveforms/668.txt,manual_reference_picks.csv#668,1000,1000,1,yes,workspace/Fig_9/pre_data
669,field_waveforms/669.txt,manual_reference_picks.csv#669,1000,1000,1,yes,workspace/Fig_9/pre_data
670,field_waveforms/670.txt,manual_reference_picks.csv#670,1000,1000,1,yes,workspace/Fig_9/pre_data
671,field_waveforms/671.txt,manual_reference_picks.csv#671,1000,1000,1,yes,workspace/Fig_9/pre_data
672,field_waveforms/672.txt,manual_reference_picks.csv#672,1000,1000,1,yes,workspace/Fig_9/pre_data
673,field_waveforms/673.txt,manual_reference_picks.csv#673,1000,1000,1,yes,workspace/Fig_9/pre_data
674,field_waveforms/674.txt,manual_reference_picks.csv#674,1000,1000,1,yes,workspace/Fig_9/pre_data
675,field_waveforms/675.txt,manual_reference_picks.csv#675,1000,1000,1,yes,workspace/Fig_9/pre_data
676,field_waveforms/676.txt,manual_reference_picks.csv#676,1000,1000,1,yes,workspace/Fig_9/pre_data
677,field_waveforms/677.txt,manual_reference_picks.csv#677,1000,1000,1,yes,workspace/Fig_9/pre_data
678,field_waveforms/678.txt,manual_reference_picks.csv#678,1000,1000,1,yes,workspace/Fig_9/pre_data
679,field_waveforms/679.txt,manual_reference_picks.csv#679,1000,1000,1,yes,workspace/Fig_9/pre_data
680,field_waveforms/680.txt,manual_reference_picks.csv#680,1000,1000,1,yes,workspace/Fig_9/pre_data
681,field_waveforms/681.txt,manual_reference_picks.csv#681,1000,1000,1,yes,workspace/Fig_9/pre_data
682,field_waveforms/682.txt,manual_reference_picks.csv#682,1000,1000,1,yes,workspace/Fig_9/pre_data
683,field_waveforms/683.txt,manual_reference_picks.csv#683,1000,1000,1,yes,workspace/Fig_9/pre_data
684,field_waveforms/684.txt,manual_reference_picks.csv#684,1000,1000,1,yes,workspace/Fig_9/pre_data
685,field_waveforms/685.txt,manual_reference_picks.csv#685,1000,1000,1,yes,workspace/Fig_9/pre_data
686,field_waveforms/686.txt,manual_reference_picks.csv#686,1000,1000,1,yes,workspace/Fig_9/pre_data
687,field_waveforms/687.txt,manual_reference_picks.csv#687,1000,1000,1,yes,workspace/Fig_9/pre_data
688,field_waveforms/688.txt,manual_reference_picks.csv#688,1000,1000,1,yes,workspace/Fig_9/pre_data
689,field_waveforms/689.txt,manual_reference_picks.csv#689,1000,1000,1,yes,workspace/Fig_9/pre_data
690,field_waveforms/690.txt,manual_reference_picks.csv#690,1000,1000,1,yes,workspace/Fig_9/pre_data
691,field_waveforms/691.txt,manual_reference_picks.csv#691,1000,1000,1,yes,workspace/Fig_9/pre_data
692,field_waveforms/692.txt,manual_reference_picks.csv#692,1000,1000,1,yes,workspace/Fig_9/pre_data
693,field_waveforms/693.txt,manual_reference_picks.csv#693,1000,1000,1,yes,workspace/Fig_9/pre_data
694,field_waveforms/694.txt,manual_reference_picks.csv#694,1000,1000,1,yes,workspace/Fig_9/pre_data
695,field_waveforms/695.txt,manual_reference_picks.csv#695,1000,1000,1,yes,workspace/Fig_9/pre_data
696,field_waveforms/696.txt,manual_reference_picks.csv#696,1000,1000,1,yes,workspace/Fig_9/pre_data
697,field_waveforms/697.txt,manual_reference_picks.csv#697,1000,1000,1,yes,workspace/Fig_9/pre_data
698,field_waveforms/698.txt,manual_reference_picks.csv#698,1000,1000,1,yes,workspace/Fig_9/pre_data
699,field_waveforms/699.txt,manual_reference_picks.csv#699,1000,1000,1,yes,workspace/Fig_9/pre_data
700,field_waveforms/700.txt,manual_reference_picks.csv#700,1000,1000,1,yes,workspace/Fig_9/pre_data
701,field_waveforms/701.txt,manual_reference_picks.csv#701,1000,1000,1,yes,workspace/Fig_9/pre_data
702,field_waveforms/702.txt,manual_reference_picks.csv#702,1000,1000,1,yes,workspace/Fig_9/pre_data
703,field_waveforms/703.txt,manual_reference_picks.csv#703,1000,1000,1,yes,workspace/Fig_9/pre_data
704,field_waveforms/704.txt,manual_reference_picks.csv#704,1000,1000,1,yes,workspace/Fig_9/pre_data
705,field_waveforms/705.txt,manual_reference_picks.csv#705,1000,1000,1,yes,workspace/Fig_9/pre_data
706,field_waveforms/706.txt,manual_reference_picks.csv#706,1000,1000,1,yes,workspace/Fig_9/pre_data
707,field_waveforms/707.txt,manual_reference_picks.csv#707,1000,1000,1,yes,workspace/Fig_9/pre_data
708,field_waveforms/708.txt,manual_reference_picks.csv#708,1000,1000,1,yes,workspace/Fig_9/pre_data
709,field_waveforms/709.txt,manual_reference_picks.csv#709,1000,1000,1,yes,workspace/Fig_9/pre_data
710,field_waveforms/710.txt,manual_reference_picks.csv#710,1000,1000,1,yes,workspace/Fig_9/pre_data
711,field_waveforms/711.txt,manual_reference_picks.csv#711,1000,1000,1,yes,workspace/Fig_9/pre_data
712,field_waveforms/712.txt,manual_reference_picks.csv#712,1000,1000,1,yes,workspace/Fig_9/pre_data
713,field_waveforms/713.txt,manual_reference_picks.csv#713,1000,1000,1,yes,workspace/Fig_9/pre_data
714,field_waveforms/714.txt,manual_reference_picks.csv#714,1000,1000,1,yes,workspace/Fig_9/pre_data
715,field_waveforms/715.txt,manual_reference_picks.csv#715,1000,1000,1,yes,workspace/Fig_9/pre_data
716,field_waveforms/716.txt,manual_reference_picks.csv#716,1000,1000,1,yes,workspace/Fig_9/pre_data
717,field_waveforms/717.txt,manual_reference_picks.csv#717,1000,1000,1,yes,workspace/Fig_9/pre_data
718,field_waveforms/718.txt,manual_reference_picks.csv#718,1000,1000,1,yes,workspace/Fig_9/pre_data
719,field_waveforms/719.txt,manual_reference_picks.csv#719,1000,1000,1,yes,workspace/Fig_9/pre_data
720,field_waveforms/720.txt,manual_reference_picks.csv#720,1000,1000,1,yes,workspace/Fig_9/pre_data
721,field_waveforms/721.txt,manual_reference_picks.csv#721,1000,1000,1,yes,workspace/Fig_9/pre_data
722,field_waveforms/722.txt,manual_reference_picks.csv#722,1000,1000,1,yes,workspace/Fig_9/pre_data
723,field_waveforms/723.txt,manual_reference_picks.csv#723,1000,1000,1,yes,workspace/Fig_9/pre_data
724,field_waveforms/724.txt,manual_reference_picks.csv#724,1000,1000,1,yes,workspace/Fig_9/pre_data
725,field_waveforms/725.txt,manual_reference_picks.csv#725,1000,1000,1,yes,workspace/Fig_9/pre_data
726,field_waveforms/726.txt,manual_reference_picks.csv#726,1000,1000,1,yes,workspace/Fig_9/pre_data
727,field_waveforms/727.txt,manual_reference_picks.csv#727,1000,1000,1,yes,workspace/Fig_9/pre_data
728,field_waveforms/728.txt,manual_reference_picks.csv#728,1000,1000,1,yes,workspace/Fig_9/pre_data
729,field_waveforms/729.txt,manual_reference_picks.csv#729,1000,1000,1,yes,workspace/Fig_9/pre_data
730,field_waveforms/730.txt,manual_reference_picks.csv#730,1000,1000,1,yes,workspace/Fig_9/pre_data
731,field_waveforms/731.txt,manual_reference_picks.csv#731,1000,1000,1,yes,workspace/Fig_9/pre_data
732,field_waveforms/732.txt,manual_reference_picks.csv#732,1000,1000,1,yes,workspace/Fig_9/pre_data
733,field_waveforms/733.txt,manual_reference_picks.csv#733,1000,1000,1,yes,workspace/Fig_9/pre_data
734,field_waveforms/734.txt,manual_reference_picks.csv#734,1000,1000,1,yes,workspace/Fig_9/pre_data
735,field_waveforms/735.txt,manual_reference_picks.csv#735,1000,1000,1,yes,workspace/Fig_9/pre_data
736,field_waveforms/736.txt,manual_reference_picks.csv#736,1000,1000,1,yes,workspace/Fig_9/pre_data
737,field_waveforms/737.txt,manual_reference_picks.csv#737,1000,1000,1,yes,workspace/Fig_9/pre_data
738,field_waveforms/738.txt,manual_reference_picks.csv#738,1000,1000,1,yes,workspace/Fig_9/pre_data
739,field_waveforms/739.txt,manual_reference_picks.csv#739,1000,1000,1,yes,workspace/Fig_9/pre_data
740,field_waveforms/740.txt,manual_reference_picks.csv#740,1000,1000,1,yes,workspace/Fig_9/pre_data
741,field_waveforms/741.txt,manual_reference_picks.csv#741,1000,1000,1,yes,workspace/Fig_9/pre_data
742,field_waveforms/742.txt,manual_reference_picks.csv#742,1000,1000,1,yes,workspace/Fig_9/pre_data
743,field_waveforms/743.txt,manual_reference_picks.csv#743,1000,1000,1,yes,workspace/Fig_9/pre_data
744,field_waveforms/744.txt,manual_reference_picks.csv#744,1000,1000,1,yes,workspace/Fig_9/pre_data
745,field_waveforms/745.txt,manual_reference_picks.csv#745,1000,1000,1,yes,workspace/Fig_9/pre_data
746,field_waveforms/746.txt,manual_reference_picks.csv#746,1000,1000,1,yes,workspace/Fig_9/pre_data
747,field_waveforms/747.txt,manual_reference_picks.csv#747,1000,1000,1,yes,workspace/Fig_9/pre_data
748,field_waveforms/748.txt,manual_reference_picks.csv#748,1000,1000,1,yes,workspace/Fig_9/pre_data
749,field_waveforms/749.txt,manual_reference_picks.csv#749,1000,1000,1,yes,workspace/Fig_9/pre_data
750,field_waveforms/750.txt,manual_reference_picks.csv#750,1000,1000,1,yes,workspace/Fig_9/pre_data
751,field_waveforms/751.txt,manual_reference_picks.csv#751,1000,1000,1,yes,workspace/Fig_9/pre_data
752,field_waveforms/752.txt,manual_reference_picks.csv#752,1000,1000,1,yes,workspace/Fig_9/pre_data
753,field_waveforms/753.txt,manual_reference_picks.csv#753,1000,1000,1,yes,workspace/Fig_9/pre_data
754,field_waveforms/754.txt,manual_reference_picks.csv#754,1000,1000,1,yes,workspace/Fig_9/pre_data
755,field_waveforms/755.txt,manual_reference_picks.csv#755,1000,1000,1,yes,workspace/Fig_9/pre_data
756,field_waveforms/756.txt,manual_reference_picks.csv#756,1000,1000,1,yes,workspace/Fig_9/pre_data
757,field_waveforms/757.txt,manual_reference_picks.csv#757,1000,1000,1,yes,workspace/Fig_9/pre_data
758,field_waveforms/758.txt,manual_reference_picks.csv#758,1000,1000,1,yes,workspace/Fig_9/pre_data
759,field_waveforms/759.txt,manual_reference_picks.csv#759,1000,1000,1,yes,workspace/Fig_9/pre_data
760,field_waveforms/760.txt,manual_reference_picks.csv#760,1000,1000,1,yes,workspace/Fig_9/pre_data
761,field_waveforms/761.txt,manual_reference_picks.csv#761,1000,1000,1,yes,workspace/Fig_9/pre_data
762,field_waveforms/762.txt,manual_reference_picks.csv#762,1000,1000,1,yes,workspace/Fig_9/pre_data
763,field_waveforms/763.txt,manual_reference_picks.csv#763,1000,1000,1,yes,workspace/Fig_9/pre_data
764,field_waveforms/764.txt,manual_reference_picks.csv#764,1000,1000,1,yes,workspace/Fig_9/pre_data
765,field_waveforms/765.txt,manual_reference_picks.csv#765,1000,1000,1,yes,workspace/Fig_9/pre_data
766,field_waveforms/766.txt,manual_reference_picks.csv#766,1000,1000,1,yes,workspace/Fig_9/pre_data
767,field_waveforms/767.txt,manual_reference_picks.csv#767,1000,1000,1,yes,workspace/Fig_9/pre_data
768,field_waveforms/768.txt,manual_reference_picks.csv#768,1000,1000,1,yes,workspace/Fig_9/pre_data
769,field_waveforms/769.txt,manual_reference_picks.csv#769,1000,1000,1,yes,workspace/Fig_9/pre_data
770,field_waveforms/770.txt,manual_reference_picks.csv#770,1000,1000,1,yes,workspace/Fig_9/pre_data
771,field_waveforms/771.txt,manual_reference_picks.csv#771,1000,1000,1,yes,workspace/Fig_9/pre_data
772,field_waveforms/772.txt,manual_reference_picks.csv#772,1000,1000,1,yes,workspace/Fig_9/pre_data
773,field_waveforms/773.txt,manual_reference_picks.csv#773,1000,1000,1,yes,workspace/Fig_9/pre_data
774,field_waveforms/774.txt,manual_reference_picks.csv#774,1000,1000,1,yes,workspace/Fig_9/pre_data
775,field_waveforms/775.txt,manual_reference_picks.csv#775,1000,1000,1,yes,workspace/Fig_9/pre_data
776,field_waveforms/776.txt,manual_reference_picks.csv#776,1000,1000,1,yes,workspace/Fig_9/pre_data
777,field_waveforms/777.txt,manual_reference_picks.csv#777,1000,1000,1,yes,workspace/Fig_9/pre_data
778,field_waveforms/778.txt,manual_reference_picks.csv#778,1000,1000,1,yes,workspace/Fig_9/pre_data
779,field_waveforms/779.txt,manual_reference_picks.csv#779,1000,1000,1,yes,workspace/Fig_9/pre_data
780,field_waveforms/780.txt,manual_reference_picks.csv#780,1000,1000,1,yes,workspace/Fig_9/pre_data
781,field_waveforms/781.txt,manual_reference_picks.csv#781,1000,1000,1,yes,workspace/Fig_9/pre_data
782,field_waveforms/782.txt,manual_reference_picks.csv#782,1000,1000,1,yes,workspace/Fig_9/pre_data
783,field_waveforms/783.txt,manual_reference_picks.csv#783,1000,1000,1,yes,workspace/Fig_9/pre_data
784,field_waveforms/784.txt,manual_reference_picks.csv#784,1000,1000,1,yes,workspace/Fig_9/pre_data
785,field_waveforms/785.txt,manual_reference_picks.csv#785,1000,1000,1,yes,workspace/Fig_9/pre_data
786,field_waveforms/786.txt,manual_reference_picks.csv#786,1000,1000,1,yes,workspace/Fig_9/pre_data
787,field_waveforms/787.txt,manual_reference_picks.csv#787,1000,1000,1,yes,workspace/Fig_9/pre_data
788,field_waveforms/788.txt,manual_reference_picks.csv#788,1000,1000,1,yes,workspace/Fig_9/pre_data
789,field_waveforms/789.txt,manual_reference_picks.csv#789,1000,1000,1,yes,workspace/Fig_9/pre_data
790,field_waveforms/790.txt,manual_reference_picks.csv#790,1000,1000,1,yes,workspace/Fig_9/pre_data
791,field_waveforms/791.txt,manual_reference_picks.csv#791,1000,1000,1,yes,workspace/Fig_9/pre_data
792,field_waveforms/792.txt,manual_reference_picks.csv#792,1000,1000,1,yes,workspace/Fig_9/pre_data
793,field_waveforms/793.txt,manual_reference_picks.csv#793,1000,1000,1,yes,workspace/Fig_9/pre_data
794,field_waveforms/794.txt,manual_reference_picks.csv#794,1000,1000,1,yes,workspace/Fig_9/pre_data
795,field_waveforms/795.txt,manual_reference_picks.csv#795,1000,1000,1,yes,workspace/Fig_9/pre_data
796,field_waveforms/796.txt,manual_reference_picks.csv#796,1000,1000,1,yes,workspace/Fig_9/pre_data
797,field_waveforms/797.txt,manual_reference_picks.csv#797,1000,1000,1,yes,workspace/Fig_9/pre_data
798,field_waveforms/798.txt,manual_reference_picks.csv#798,1000,1000,1,yes,workspace/Fig_9/pre_data
799,field_waveforms/799.txt,manual_reference_picks.csv#799,1000,1000,1,yes,workspace/Fig_9/pre_data
800,field_waveforms/800.txt,manual_reference_picks.csv#800,1000,1000,1,yes,workspace/Fig_9/pre_data
801,field_waveforms/801.txt,manual_reference_picks.csv#801,1000,1000,1,yes,workspace/Fig_9/pre_data
802,field_waveforms/802.txt,manual_reference_picks.csv#802,1000,1000,1,yes,workspace/Fig_9/pre_data
803,field_waveforms/803.txt,manual_reference_picks.csv#803,1000,1000,1,yes,workspace/Fig_9/pre_data
804,field_waveforms/804.txt,manual_reference_picks.csv#804,1000,1000,1,yes,workspace/Fig_9/pre_data
805,field_waveforms/805.txt,manual_reference_picks.csv#805,1000,1000,1,yes,workspace/Fig_9/pre_data
806,field_waveforms/806.txt,manual_reference_picks.csv#806,1000,1000,1,yes,workspace/Fig_9/pre_data
807,field_waveforms/807.txt,manual_reference_picks.csv#807,1000,1000,1,yes,workspace/Fig_9/pre_data
808,field_waveforms/808.txt,manual_reference_picks.csv#808,1000,1000,1,yes,workspace/Fig_9/pre_data
809,field_waveforms/809.txt,manual_reference_picks.csv#809,1000,1000,1,yes,workspace/Fig_9/pre_data
810,field_waveforms/810.txt,manual_reference_picks.csv#810,1000,1000,1,yes,workspace/Fig_9/pre_data
811,field_waveforms/811.txt,manual_reference_picks.csv#811,1000,1000,1,yes,workspace/Fig_9/pre_data
812,field_waveforms/812.txt,manual_reference_picks.csv#812,1000,1000,1,yes,workspace/Fig_9/pre_data
813,field_waveforms/813.txt,manual_reference_picks.csv#813,1000,1000,1,yes,workspace/Fig_9/pre_data
814,field_waveforms/814.txt,manual_reference_picks.csv#814,1000,1000,1,yes,workspace/Fig_9/pre_data
815,field_waveforms/815.txt,manual_reference_picks.csv#815,1000,1000,1,yes,workspace/Fig_9/pre_data
816,field_waveforms/816.txt,manual_reference_picks.csv#816,1000,1000,1,yes,workspace/Fig_9/pre_data
