file_id,true_index_0,true_arrival_1,pick_index_0,pick_arrival_1,signed_error_ms,abs_error_ms,le2,le5,le10,success,source_file
1,493.0,494.0,496.0,497.0,3.0,3.0,False,True,True,True,Fig_9/real_baseline_trace_results.csv
2,332.0,333.0,336.0,337.0,4.0,4.0,False,True,True,True,Fig_9/real_baseline_trace_results.csv
3,74.0,75.0,212.0,213.0,138.0,138.0,False,False,False,True,Fig_9/real_baseline_trace_results.csv
4,496.0,497.0,500.0,501.0,4.0,4.0,False,True,True,True,Fig_9/real_baseline_trace_results.csv
5,901.0,902.0,905.0,906.0,4.0,4.0,False,True,True,True,Fig_9/real_baseline_trace_results.csv
6,868.0,869.0,872.0,873.0,4.0,4.0,False,True,True,True,Fig_9/real_baseline_trace_results.csv
7,956.0,957.0,767.0,768.0,-189.0,189.0,False,False,False,True,Fig_9/real_baseline_trace_results.csv
8,217.0,218.0,220.0,221.0,3.0,3.0,False,True,True,True,Fig_9/real_baseline_trace_results.csv
9,614.0,615.0,432.0,433.0,-182.0,182.0,False,False,False,True,Fig_9/real_baseline_trace_results.csv
10,34.0,35.0,664.0,665.0,630.0,630.0,False,False,False,True,Fig_9/real_baseline_trace_results.csv
11,242.0,243.0,244.0,245.0,2.0,2.0,True,True,True,True,Fig_9/real_baseline_trace_results.csv
12,688.0,689.0,690.0,691.0,2.0,2.0,True,True,True,True,Fig_9/real_baseline_trace_results.csv
13,35.0,36.0,993.0,994.0,958.0,958.0,False,False,False,True,Fig_9/real_baseline_trace_results.csv
14,631.0,632.0,634.0,635.0,3.0,3.0,False,True,True,True,Fig_9/real_baseline_trace_results.csv
15,933.0,934.0,162.0,163.0,-771.0,771.0,False,False,False,True,Fig_9/real_baseline_trace_results.csv
16,488.0,489.0,491.0,492.0,3.0,3.0,False,True,True,True,Fig_9/real_baseline_trace_results.csv
17,210.0,211.0,212.0,213.0,2.0,2.0,True,True,True,True,Fig_9/real_baseline_trace_results.csv
18,824.0,825.0,827.0,828.0,3.0,3.0,False,True,True,True,Fig_9/real_baseline_trace_results.csv
19,576.0,577.0,580.0,581.0,4.0,4.0,False,True,True,True,Fig_9/real_baseline_trace_results.csv
20,551.0,552.0,554.0,555.0,3.0,3.0,False,True,True,True,Fig_9/real_baseline_trace_results.csv
21,543.0,544.0,546.0,547.0,3.0,3.0,False,True,True,True,Fig_9/real_baseline_trace_results.csv
22,488.0,489.0,491.0,492.0,3.0,3.0,False,True,True,True,Fig_9/real_baseline_trace_results.csv
23,824.0,825.0,827.0,828.0,3.0,3.0,False,True,True,True,Fig_9/real_baseline_trace_results.csv
24,56.0,57.0,889.0,890.0,833.0,833.0,False,False,False,True,Fig_9/real_baseline_trace_results.csv
25,216.0,217.0,218.0,219.0,2.0,2.0,True,True,True,True,Fig_9/real_baseline_trace_results.csv
26,512.0,513.0,515.0,516.0,3.0,3.0,False,True,True,True,Fig_9/real_baseline_trace_results.csv
27,945.0,946.0,947.0,948.0,2.0,2.0,True,True,True,True,Fig_9/real_baseline_trace_results.csv
28,352.0,353.0,168.0,169.0,-184.0,184.0,False,False,False,True,Fig_9/real_baseline_trace_results.csv
29,46.0,47.0,183.0,184.0,137.0,137.0,False,False,False,True,Fig_9/real_baseline_trace_results.csv
30,46.0,47.0,183.0,184.0,137.0,137.0,False,False,False,True,Fig_9/real_baseline_trace_results.csv
31,180.0,181.0,172.0,173.0,-8.0,8.0,False,False,True,True,Fig_9/real_baseline_trace_results.csv
32,800.0,801.0,617.0,618.0,-183.0,183.0,False,False,False,True,Fig_9/real_baseline_trace_results.csv
33,335.0,336.0,154.0,155.0,-181.0,181.0,False,False,False,True,Fig_9/real_baseline_trace_results.csv
34,433.0,434.0,249.0,250.0,-184.0,184.0,False,False,False,True,Fig_9/real_baseline_trace_results.csv
35,939.0,940.0,753.0,754.0,-186.0,186.0,False,False,False,True,Fig_9/real_baseline_trace_results.csv
36,266.0,267.0,269.0,270.0,3.0,3.0,False,True,True,True,Fig_9/real_baseline_trace_results.csv
37,891.0,892.0,196.0,197.0,-695.0,695.0,False,False,False,True,Fig_9/real_baseline_trace_results.csv
38,91.0,92.0,230.0,231.0,139.0,139.0,False,False,False,True,Fig_9/real_baseline_trace_results.csv
39,941.0,942.0,944.0,945.0,3.0,3.0,False,True,True,True,Fig_9/real_baseline_trace_results.csv
40,282.0,283.0,273.0,274.0,-9.0,9.0,False,False,True,True,Fig_9/real_baseline_trace_results.csv
41,252.0,253.0,248.0,249.0,-4.0,4.0,False,True,True,True,Fig_9/real_baseline_trace_results.csv
42,344.0,345.0,161.0,162.0,-183.0,183.0,False,False,False,True,Fig_9/real_baseline_trace_results.csv
43,286.0,287.0,287.0,288.0,1.0,1.0,True,True,True,True,Fig_9/real_baseline_trace_results.csv
44,41.0,42.0,180.0,181.0,139.0,139.0,False,False,False,True,Fig_9/real_baseline_trace_results.csv
45,383.0,384.0,384.0,385.0,1.0,1.0,True,True,True,True,Fig_9/real_baseline_trace_results.csv
46,498.0,499.0,316.0,317.0,-182.0,182.0,False,False,False,True,Fig_9/real_baseline_trace_results.csv
47,140.0,141.0,141.0,142.0,1.0,1.0,True,True,True,True,Fig_9/real_baseline_trace_results.csv
48,343.0,344.0,161.0,162.0,-182.0,182.0,False,False,False,True,Fig_9/real_baseline_trace_results.csv
49,263.0,264.0,265.0,266.0,2.0,2.0,True,True,True,True,Fig_9/real_baseline_trace_results.csv
50,549.0,550.0,369.0,370.0,-180.0,180.0,False,False,False,True,Fig_9/real_baseline_trace_results.csv
51,43.0,44.0,184.0,185.0,141.0,141.0,False,False,False,True,Fig_9/real_baseline_trace_results.csv
52,954.0,955.0,278.0,279.0,-676.0,676.0,False,False,False,True,Fig_9/real_baseline_trace_results.csv
53,549.0,550.0,367.0,368.0,-182.0,182.0,False,False,False,True,Fig_9/real_baseline_trace_results.csv
54,116.0,117.0,119.0,120.0,3.0,3.0,False,True,True,True,Fig_9/real_baseline_trace_results.csv
55,580.0,581.0,587.0,588.0,7.0,7.0,False,False,True,True,Fig_9/real_baseline_trace_results.csv
56,450.0,451.0,452.0,453.0,2.0,2.0,True,True,True,True,Fig_9/real_baseline_trace_results.csv
57,27.0,28.0,,,,,False,False,False,False,Fig_9/real_baseline_trace_results.csv
58,157.0,158.0,158.0,159.0,1.0,1.0,True,True,True,True,Fig_9/real_baseline_trace_results.csv
59,468.0,469.0,470.0,471.0,2.0,2.0,True,True,True,True,Fig_9/real_baseline_trace_results.csv
60,377.0,378.0,379.0,380.0,2.0,2.0,True,True,True,True,Fig_9/real_baseline_trace_results.csv
61,302.0,303.0,305.0,306.0,3.0,3.0,False,True,True,True,Fig_9/real_baseline_trace_results.csv
62,199.0,200.0,204.0,205.0,5.0,5.0,False,True,True,True,Fig_9/real_baseline_trace_results.csv
63,490.0,491.0,491.0,492.0,1.0,1.0,True,True,True,True,Fig_9/real_baseline_trace_results.csv
64,304.0,305.0,309.0,310.0,5.0,5.0,False,True,True,True,Fig_9/real_baseline_trace_results.csv
65,600.0,601.0,610.0,611.0,10.0,10.0,False,False,True,True,Fig_9/real_baseline_trace_results.csv
66,672.0,673.0,677.0,678.0,5.0,5.0,False,True,True,True,Fig_9/real_baseline_trace_results.csv
67,301.0,302.0,302.0,303.0,1.0,1.0,True,True,True,True,Fig_9/real_baseline_trace_results.csv
68,271.0,272.0,275.0,276.0,4.0,4.0,False,True,True,True,Fig_9/real_baseline_trace_results.csv
69,355.0,356.0,361.0,362.0,6.0,6.0,False,False,True,True,Fig_9/real_baseline_trace_results.csv
70,806.0,807.0,808.0,809.0,2.0,2.0,True,True,True,True,Fig_9/real_baseline_trace_results.csv
71,710.0,711.0,714.0,715.0,4.0,4.0,False,True,True,True,Fig_9/real_baseline_trace_results.csv
72,838.0,839.0,840.0,841.0,2.0,2.0,True,True,True,True,Fig_9/real_baseline_trace_results.csv
73,370.0,371.0,372.0,373.0,2.0,2.0,True,True,True,True,Fig_9/real_baseline_trace_results.csv
74,762.0,763.0,764.0,765.0,2.0,2.0,True,True,True,True,Fig_9/real_baseline_trace_results.csv
75,866.0,867.0,867.0,868.0,1.0,1.0,True,True,True,True,Fig_9/real_baseline_trace_results.csv
76,608.0,609.0,610.0,611.0,2.0,2.0,True,True,True,True,Fig_9/real_baseline_trace_results.csv
77,571.0,572.0,596.0,597.0,25.0,25.0,False,False,False,True,Fig_9/real_baseline_trace_results.csv
78,674.0,675.0,,,,,False,False,False,False,Fig_9/real_baseline_trace_results.csv
79,727.0,728.0,743.0,744.0,16.0,16.0,False,False,False,True,Fig_9/real_baseline_trace_results.csv
80,135.0,136.0,,,,,False,False,False,False,Fig_9/real_baseline_trace_results.csv
81,983.0,984.0,,,,,False,False,False,False,Fig_9/real_baseline_trace_results.csv
82,119.0,120.0,134.0,135.0,15.0,15.0,False,False,False,True,Fig_9/real_baseline_trace_results.csv
83,548.0,549.0,,,,,False,False,False,False,Fig_9/real_baseline_trace_results.csv
84,695.0,696.0,712.0,713.0,17.0,17.0,False,False,False,True,Fig_9/real_baseline_trace_results.csv
85,490.0,491.0,,,,,False,False,False,False,Fig_9/real_baseline_trace_results.csv
86,289.0,290.0,306.0,307.0,17.0,17.0,False,False,False,True,Fig_9/real_baseline_trace_results.csv
87,444.0,445.0,,,,,False,False,False,False,Fig_9/real_baseline_trace_results.csv
88,273.0,274.0,289.0,290.0,16.0,16.0,False,False,False,True,Fig_9/real_baseline_trace_results.csv
89,533.0,534.0,549.0,550.0,16.0,16.0,False,False,False,True,Fig_9/real_baseline_trace_results.csv
90,143.0,144.0,161.0,162.0,18.0,18.0,False,False,False,True,Fig_9/real_baseline_trace_results.csv
91,475.0,476.0,494.0,495.0,19.0,19.0,False,False,False,True,Fig_9/real_baseline_trace_results.csv
92,215.0,216.0,238.0,239.0,23.0,23.0,False,False,False,True,Fig_9/real_baseline_trace_results.csv
93,521.0,522.0,562.0,563.0,41.0,41.0,False,False,False,True,Fig_9/real_baseline_trace_results.csv
94,11.0,12.0,,,,,False,False,False,False,Fig_9/real_baseline_trace_results.csv
95,507.0,508.0,516.0,517.0,9.0,9.0,False,False,True,True,Fig_9/real_baseline_trace_results.csv
96,354.0,355.0,377.0,378.0,23.0,23.0,False,False,False,True,Fig_9/real_baseline_trace_results.csv
97,555.0,556.0,577.0,578.0,22.0,22.0,False,False,False,True,Fig_9/real_baseline_trace_results.csv
98,371.0,372.0,397.0,398.0,26.0,26.0,False,False,False,True,Fig_9/real_baseline_trace_results.csv
99,608.0,609.0,615.0,616.0,7.0,7.0,False,False,True,True,Fig_9/real_baseline_trace_results.csv
100,983.0,984.0,985.0,986.0,2.0,2.0,True,True,True,True,Fig_9/real_baseline_trace_results.csv
101,74.0,75.0,,,,,False,False,False,False,Fig_9/real_baseline_trace_results.csv
102,685.0,686.0,686.0,687.0,1.0,1.0,True,True,True,True,Fig_9/real_baseline_trace_results.csv
103,474.0,475.0,475.0,476.0,1.0,1.0,True,True,True,True,Fig_9/real_baseline_trace_results.csv
104,123.0,124.0,125.0,126.0,2.0,2.0,True,True,True,True,Fig_9/real_baseline_trace_results.csv
105,941.0,942.0,942.0,943.0,1.0,1.0,True,True,True,True,Fig_9/real_baseline_trace_results.csv
106,903.0,904.0,904.0,905.0,1.0,1.0,True,True,True,True,Fig_9/real_baseline_trace_results.csv
107,690.0,691.0,691.0,692.0,1.0,1.0,True,True,True,True,Fig_9/real_baseline_trace_results.csv
108,475.0,476.0,478.0,479.0,3.0,3.0,False,True,True,True,Fig_9/real_baseline_trace_results.csv
109,271.0,272.0,273.0,274.0,2.0,2.0,True,True,True,True,Fig_9/real_baseline_trace_results.csv
110,313.0,314.0,314.0,315.0,1.0,1.0,True,True,True,True,Fig_9/real_baseline_trace_results.csv
111,301.0,302.0,305.0,306.0,4.0,4.0,False,True,True,True,Fig_9/real_baseline_trace_results.csv
112,695.0,696.0,699.0,700.0,4.0,4.0,False,True,True,True,Fig_9/real_baseline_trace_results.csv
113,883.0,884.0,887.0,888.0,4.0,4.0,False,True,True,True,Fig_9/real_baseline_trace_results.csv
114,23.0,24.0,,,,,False,False,False,False,Fig_9/real_baseline_trace_results.csv
115,961.0,962.0,966.0,967.0,5.0,5.0,False,True,True,True,Fig_9/real_baseline_trace_results.csv
116,580.0,581.0,,,,,False,False,False,False,Fig_9/real_baseline_trace_results.csv
117,35.0,36.0,830.0,831.0,795.0,795.0,False,False,False,True,Fig_9/real_baseline_trace_results.csv
118,279.0,280.0,280.0,281.0,1.0,1.0,True,True,True,True,Fig_9/real_baseline_trace_results.csv
119,2.0,3.0,797.0,798.0,795.0,795.0,False,False,False,True,Fig_9/real_baseline_trace_results.csv
120,139.0,140.0,140.0,141.0,1.0,1.0,True,True,True,True,Fig_9/real_baseline_trace_results.csv
121,164.0,165.0,166.0,167.0,2.0,2.0,True,True,True,True,Fig_9/real_baseline_trace_results.csv
122,131.0,132.0,132.0,133.0,1.0,1.0,True,True,True,True,Fig_9/real_baseline_trace_results.csv
123,123.0,124.0,125.0,126.0,2.0,2.0,True,True,True,True,Fig_9/real_baseline_trace_results.csv
124,20.0,21.0,,,,,False,False,False,False,Fig_9/real_baseline_trace_results.csv
125,67.0,68.0,,,,,False,False,False,False,Fig_9/real_baseline_trace_results.csv
126,180.0,181.0,182.0,183.0,2.0,2.0,True,True,True,True,Fig_9/real_baseline_trace_results.csv
127,27.0,28.0,,,,,False,False,False,False,Fig_9/real_baseline_trace_results.csv
128,58.0,59.0,,,,,False,False,False,False,Fig_9/real_baseline_trace_results.csv
129,58.0,59.0,,,,,False,False,False,False,Fig_9/real_baseline_trace_results.csv
130,198.0,199.0,200.0,201.0,2.0,2.0,True,True,True,True,Fig_9/real_baseline_trace_results.csv
131,49.0,50.0,,,,,False,False,False,False,Fig_9/real_baseline_trace_results.csv
132,192.0,193.0,194.0,195.0,2.0,2.0,True,True,True,True,Fig_9/real_baseline_trace_results.csv
133,73.0,74.0,,,,,False,False,False,False,Fig_9/real_baseline_trace_results.csv
134,231.0,232.0,233.0,234.0,2.0,2.0,True,True,True,True,Fig_9/real_baseline_trace_results.csv
135,91.0,92.0,,,,,False,False,False,False,Fig_9/real_baseline_trace_results.csv
136,130.0,131.0,132.0,133.0,2.0,2.0,True,True,True,True,Fig_9/real_baseline_trace_results.csv
137,4.0,5.0,,,,,False,False,False,False,Fig_9/real_baseline_trace_results.csv
138,64.0,65.0,395.0,396.0,331.0,331.0,False,False,False,True,Fig_9/real_baseline_trace_results.csv
139,89.0,90.0,119.0,120.0,30.0,30.0,False,False,False,True,Fig_9/real_baseline_trace_results.csv
140,17.0,18.0,348.0,349.0,331.0,331.0,False,False,False,True,Fig_9/real_baseline_trace_results.csv
141,8.0,9.0,681.0,682.0,673.0,673.0,False,False,False,True,Fig_9/real_baseline_trace_results.csv
142,53.0,54.0,384.0,385.0,331.0,331.0,False,False,False,True,Fig_9/real_baseline_trace_results.csv
143,213.0,214.0,219.0,220.0,6.0,6.0,False,False,True,True,Fig_9/real_baseline_trace_results.csv
144,989.0,990.0,216.0,217.0,-773.0,773.0,False,False,False,True,Fig_9/real_baseline_trace_results.csv
145,425.0,426.0,434.0,435.0,9.0,9.0,False,False,True,True,Fig_9/real_baseline_trace_results.csv
146,571.0,572.0,581.0,582.0,10.0,10.0,False,False,True,True,Fig_9/real_baseline_trace_results.csv
147,50.0,51.0,,,,,False,False,False,False,Fig_9/real_baseline_trace_results.csv
148,208.0,209.0,217.0,218.0,9.0,9.0,False,False,True,True,Fig_9/real_baseline_trace_results.csv
149,75.0,76.0,407.0,408.0,332.0,332.0,False,False,False,True,Fig_9/real_baseline_trace_results.csv
150,51.0,52.0,,,,,False,False,False,False,Fig_9/real_baseline_trace_results.csv
151,30.0,31.0,362.0,363.0,332.0,332.0,False,False,False,True,Fig_9/real_baseline_trace_results.csv
152,17.0,18.0,,,,,False,False,False,False,Fig_9/real_baseline_trace_results.csv
153,62.0,63.0,394.0,395.0,332.0,332.0,False,False,False,True,Fig_9/real_baseline_trace_results.csv
154,220.0,221.0,231.0,232.0,11.0,11.0,False,False,False,True,Fig_9/real_baseline_trace_results.csv
155,18.0,19.0,,,,,False,False,False,False,Fig_9/real_baseline_trace_results.csv
156,178.0,179.0,196.0,197.0,18.0,18.0,False,False,False,True,Fig_9/real_baseline_trace_results.csv
157,170.0,171.0,188.0,189.0,18.0,18.0,False,False,False,True,Fig_9/real_baseline_trace_results.csv
158,286.0,287.0,296.0,297.0,10.0,10.0,False,False,True,True,Fig_9/real_baseline_trace_results.csv
159,699.0,700.0,702.0,703.0,3.0,3.0,False,True,True,True,Fig_9/real_baseline_trace_results.csv
160,196.0,197.0,199.0,200.0,3.0,3.0,False,True,True,True,Fig_9/real_baseline_trace_results.csv
161,681.0,682.0,683.0,684.0,2.0,2.0,True,True,True,True,Fig_9/real_baseline_trace_results.csv
162,257.0,258.0,261.0,262.0,4.0,4.0,False,True,True,True,Fig_9/real_baseline_trace_results.csv
163,110.0,111.0,119.0,120.0,9.0,9.0,False,False,True,True,Fig_9/real_baseline_trace_results.csv
164,463.0,464.0,467.0,468.0,4.0,4.0,False,True,True,True,Fig_9/real_baseline_trace_results.csv
165,892.0,893.0,896.0,897.0,4.0,4.0,False,True,True,True,Fig_9/real_baseline_trace_results.csv
166,108.0,109.0,293.0,294.0,185.0,185.0,False,False,False,True,Fig_9/real_baseline_trace_results.csv
167,297.0,298.0,302.0,303.0,5.0,5.0,False,True,True,True,Fig_9/real_baseline_trace_results.csv
168,729.0,730.0,731.0,732.0,2.0,2.0,True,True,True,True,Fig_9/real_baseline_trace_results.csv
169,840.0,841.0,842.0,843.0,2.0,2.0,True,True,True,True,Fig_9/real_baseline_trace_results.csv
170,993.0,994.0,995.0,996.0,2.0,2.0,True,True,True,True,Fig_9/real_baseline_trace_results.csv
171,824.0,825.0,827.0,828.0,3.0,3.0,False,True,True,True,Fig_9/real_baseline_trace_results.csv
172,997.0,998.0,999.0,1000.0,2.0,2.0,True,True,True,True,Fig_9/real_baseline_trace_results.csv
173,132.0,133.0,134.0,135.0,2.0,2.0,True,True,True,True,Fig_9/real_baseline_trace_results.csv
174,19.0,20.0,199.0,200.0,180.0,180.0,False,False,False,True,Fig_9/real_baseline_trace_results.csv
175,259.0,260.0,260.0,261.0,1.0,1.0,True,True,True,True,Fig_9/real_baseline_trace_results.csv
176,414.0,415.0,415.0,416.0,1.0,1.0,True,True,True,True,Fig_9/real_baseline_trace_results.csv
177,527.0,528.0,528.0,529.0,1.0,1.0,True,True,True,True,Fig_9/real_baseline_trace_results.csv
178,128.0,129.0,133.0,134.0,5.0,5.0,False,True,True,True,Fig_9/real_baseline_trace_results.csv
179,397.0,398.0,399.0,400.0,2.0,2.0,True,True,True,True,Fig_9/real_baseline_trace_results.csv
180,364.0,365.0,367.0,368.0,3.0,3.0,False,True,True,True,Fig_9/real_baseline_trace_results.csv
181,406.0,407.0,410.0,411.0,4.0,4.0,False,True,True,True,Fig_9/real_baseline_trace_results.csv
182,105.0,106.0,119.0,120.0,14.0,14.0,False,False,False,True,Fig_9/real_baseline_trace_results.csv
183,137.0,138.0,142.0,143.0,5.0,5.0,False,True,True,True,Fig_9/real_baseline_trace_results.csv
184,65.0,66.0,,,,,False,False,False,False,Fig_9/real_baseline_trace_results.csv
185,364.0,365.0,367.0,368.0,3.0,3.0,False,True,True,True,Fig_9/real_baseline_trace_results.csv
186,209.0,210.0,212.0,213.0,3.0,3.0,False,True,True,True,Fig_9/real_baseline_trace_results.csv
187,284.0,285.0,288.0,289.0,4.0,4.0,False,True,True,True,Fig_9/real_baseline_trace_results.csv
188,248.0,249.0,252.0,253.0,4.0,4.0,False,True,True,True,Fig_9/real_baseline_trace_results.csv
189,489.0,490.0,493.0,494.0,4.0,4.0,False,True,True,True,Fig_9/real_baseline_trace_results.csv
190,216.0,217.0,218.0,219.0,2.0,2.0,True,True,True,True,Fig_9/real_baseline_trace_results.csv
191,558.0,559.0,560.0,561.0,2.0,2.0,True,True,True,True,Fig_9/real_baseline_trace_results.csv
192,338.0,339.0,340.0,341.0,2.0,2.0,True,True,True,True,Fig_9/real_baseline_trace_results.csv
193,200.0,201.0,202.0,203.0,2.0,2.0,True,True,True,True,Fig_9/real_baseline_trace_results.csv
194,274.0,275.0,276.0,277.0,2.0,2.0,True,True,True,True,Fig_9/real_baseline_trace_results.csv
195,102.0,103.0,380.0,381.0,278.0,278.0,False,False,False,True,Fig_9/real_baseline_trace_results.csv
196,165.0,166.0,169.0,170.0,4.0,4.0,False,True,True,True,Fig_9/real_baseline_trace_results.csv
197,80.0,81.0,357.0,358.0,277.0,277.0,False,False,False,True,Fig_9/real_baseline_trace_results.csv
198,52.0,53.0,329.0,330.0,277.0,277.0,False,False,False,True,Fig_9/real_baseline_trace_results.csv
199,263.0,264.0,265.0,266.0,2.0,2.0,True,True,True,True,Fig_9/real_baseline_trace_results.csv
200,124.0,125.0,127.0,128.0,3.0,3.0,False,True,True,True,Fig_9/real_baseline_trace_results.csv
201,46.0,47.0,326.0,327.0,280.0,280.0,False,False,False,True,Fig_9/real_baseline_trace_results.csv
202,7.0,8.0,287.0,288.0,280.0,280.0,False,False,False,True,Fig_9/real_baseline_trace_results.csv
203,5.0,6.0,252.0,253.0,247.0,247.0,False,False,False,True,Fig_9/real_baseline_trace_results.csv
204,137.0,138.0,138.0,139.0,1.0,1.0,True,True,True,True,Fig_9/real_baseline_trace_results.csv
205,329.0,330.0,330.0,331.0,1.0,1.0,True,True,True,True,Fig_9/real_baseline_trace_results.csv
206,227.0,228.0,229.0,230.0,2.0,2.0,True,True,True,True,Fig_9/real_baseline_trace_results.csv
207,139.0,140.0,142.0,143.0,3.0,3.0,False,True,True,True,Fig_9/real_baseline_trace_results.csv
208,601.0,602.0,469.0,470.0,-132.0,132.0,False,False,False,True,Fig_9/real_baseline_trace_results.csv
209,932.0,933.0,743.0,744.0,-189.0,189.0,False,False,False,True,Fig_9/real_baseline_trace_results.csv
210,419.0,420.0,228.0,229.0,-191.0,191.0,False,False,False,True,Fig_9/real_baseline_trace_results.csv
211,597.0,598.0,415.0,416.0,-182.0,182.0,False,False,False,True,Fig_9/real_baseline_trace_results.csv
212,799.0,800.0,802.0,803.0,3.0,3.0,False,True,True,True,Fig_9/real_baseline_trace_results.csv
213,878.0,879.0,880.0,881.0,2.0,2.0,True,True,True,True,Fig_9/real_baseline_trace_results.csv
214,695.0,696.0,697.0,698.0,2.0,2.0,True,True,True,True,Fig_9/real_baseline_trace_results.csv
215,482.0,483.0,483.0,484.0,1.0,1.0,True,True,True,True,Fig_9/real_baseline_trace_results.csv
216,653.0,654.0,655.0,656.0,2.0,2.0,True,True,True,True,Fig_9/real_baseline_trace_results.csv
217,860.0,861.0,862.0,863.0,2.0,2.0,True,True,True,True,Fig_9/real_baseline_trace_results.csv
218,350.0,351.0,352.0,353.0,2.0,2.0,True,True,True,True,Fig_9/real_baseline_trace_results.csv
219,669.0,670.0,672.0,673.0,3.0,3.0,False,True,True,True,Fig_9/real_baseline_trace_results.csv
220,487.0,488.0,489.0,490.0,2.0,2.0,True,True,True,True,Fig_9/real_baseline_trace_results.csv
221,422.0,423.0,425.0,426.0,3.0,3.0,False,True,True,True,Fig_9/real_baseline_trace_results.csv
222,918.0,919.0,922.0,923.0,4.0,4.0,False,True,True,True,Fig_9/real_baseline_trace_results.csv
223,485.0,486.0,490.0,491.0,5.0,5.0,False,True,True,True,Fig_9/real_baseline_trace_results.csv
224,725.0,726.0,730.0,731.0,5.0,5.0,False,True,True,True,Fig_9/real_baseline_trace_results.csv
225,607.0,608.0,610.0,611.0,3.0,3.0,False,True,True,True,Fig_9/real_baseline_trace_results.csv
226,540.0,541.0,543.0,544.0,3.0,3.0,False,True,True,True,Fig_9/real_baseline_trace_results.csv
227,362.0,363.0,367.0,368.0,5.0,5.0,False,True,True,True,Fig_9/real_baseline_trace_results.csv
228,602.0,603.0,607.0,608.0,5.0,5.0,False,True,True,True,Fig_9/real_baseline_trace_results.csv
229,13.0,14.0,,,,,False,False,False,False,Fig_9/real_baseline_trace_results.csv
230,893.0,894.0,897.0,898.0,4.0,4.0,False,True,True,True,Fig_9/real_baseline_trace_results.csv
231,860.0,861.0,864.0,865.0,4.0,4.0,False,True,True,True,Fig_9/real_baseline_trace_results.csv
232,474.0,475.0,478.0,479.0,4.0,4.0,False,True,True,True,Fig_9/real_baseline_trace_results.csv
233,777.0,778.0,783.0,784.0,6.0,6.0,False,False,True,True,Fig_9/real_baseline_trace_results.csv
234,356.0,357.0,360.0,361.0,4.0,4.0,False,True,True,True,Fig_9/real_baseline_trace_results.csv
235,889.0,890.0,896.0,897.0,7.0,7.0,False,False,True,True,Fig_9/real_baseline_trace_results.csv
236,473.0,474.0,479.0,480.0,6.0,6.0,False,False,True,True,Fig_9/real_baseline_trace_results.csv
237,424.0,425.0,426.0,427.0,2.0,2.0,True,True,True,True,Fig_9/real_baseline_trace_results.csv
238,610.0,611.0,613.0,614.0,3.0,3.0,False,True,True,True,Fig_9/real_baseline_trace_results.csv
239,491.0,492.0,494.0,495.0,3.0,3.0,False,True,True,True,Fig_9/real_baseline_trace_results.csv
240,227.0,228.0,230.0,231.0,3.0,3.0,False,True,True,True,Fig_9/real_baseline_trace_results.csv
241,862.0,863.0,865.0,866.0,3.0,3.0,False,True,True,True,Fig_9/real_baseline_trace_results.csv
242,755.0,756.0,758.0,759.0,3.0,3.0,False,True,True,True,Fig_9/real_baseline_trace_results.csv
243,260.0,261.0,263.0,264.0,3.0,3.0,False,True,True,True,Fig_9/real_baseline_trace_results.csv
244,695.0,696.0,702.0,703.0,7.0,7.0,False,False,True,True,Fig_9/real_baseline_trace_results.csv
245,73.0,74.0,,,,,False,False,False,False,Fig_9/real_baseline_trace_results.csv
246,773.0,774.0,780.0,781.0,7.0,7.0,False,False,True,True,Fig_9/real_baseline_trace_results.csv
247,333.0,334.0,339.0,340.0,6.0,6.0,False,False,True,True,Fig_9/real_baseline_trace_results.csv
248,731.0,732.0,738.0,739.0,7.0,7.0,False,False,True,True,Fig_9/real_baseline_trace_results.csv
249,948.0,949.0,958.0,959.0,10.0,10.0,False,False,True,True,Fig_9/real_baseline_trace_results.csv
250,5.0,6.0,,,,,False,False,False,False,Fig_9/real_baseline_trace_results.csv
251,898.0,899.0,905.0,906.0,7.0,7.0,False,False,True,True,Fig_9/real_baseline_trace_results.csv
252,883.0,884.0,893.0,894.0,10.0,10.0,False,False,True,True,Fig_9/real_baseline_trace_results.csv
253,822.0,823.0,830.0,831.0,8.0,8.0,False,False,True,True,Fig_9/real_baseline_trace_results.csv
254,912.0,913.0,911.0,912.0,-1.0,1.0,True,True,True,True,Fig_9/real_baseline_trace_results.csv
255,804.0,805.0,803.0,804.0,-1.0,1.0,True,True,True,True,Fig_9/real_baseline_trace_results.csv
256,515.0,516.0,515.0,516.0,0.0,0.0,True,True,True,True,Fig_9/real_baseline_trace_results.csv
257,186.0,187.0,195.0,196.0,9.0,9.0,False,False,True,True,Fig_9/real_baseline_trace_results.csv
258,950.0,951.0,956.0,957.0,6.0,6.0,False,False,True,True,Fig_9/real_baseline_trace_results.csv
259,764.0,765.0,633.0,634.0,-131.0,131.0,False,False,False,True,Fig_9/real_baseline_trace_results.csv
260,109.0,110.0,119.0,120.0,10.0,10.0,False,False,True,True,Fig_9/real_baseline_trace_results.csv
261,327.0,328.0,330.0,331.0,3.0,3.0,False,True,True,True,Fig_9/real_baseline_trace_results.csv
262,129.0,130.0,132.0,133.0,3.0,3.0,False,True,True,True,Fig_9/real_baseline_trace_results.csv
263,379.0,380.0,382.0,383.0,3.0,3.0,False,True,True,True,Fig_9/real_baseline_trace_results.csv
264,102.0,103.0,119.0,120.0,17.0,17.0,False,False,False,True,Fig_9/real_baseline_trace_results.csv
265,16.0,17.0,,,,,False,False,False,False,Fig_9/real_baseline_trace_results.csv
266,207.0,208.0,209.0,210.0,2.0,2.0,True,True,True,True,Fig_9/real_baseline_trace_results.csv
267,227.0,228.0,230.0,231.0,3.0,3.0,False,True,True,True,Fig_9/real_baseline_trace_results.csv
268,480.0,481.0,484.0,485.0,4.0,4.0,False,True,True,True,Fig_9/real_baseline_trace_results.csv
269,360.0,361.0,366.0,367.0,6.0,6.0,False,False,True,True,Fig_9/real_baseline_trace_results.csv
270,544.0,545.0,551.0,552.0,7.0,7.0,False,False,True,True,Fig_9/real_baseline_trace_results.csv
271,381.0,382.0,384.0,385.0,3.0,3.0,False,True,True,True,Fig_9/real_baseline_trace_results.csv
272,297.0,298.0,304.0,305.0,7.0,7.0,False,False,True,True,Fig_9/real_baseline_trace_results.csv
273,200.0,201.0,203.0,204.0,3.0,3.0,False,True,True,True,Fig_9/real_baseline_trace_results.csv
274,553.0,554.0,555.0,556.0,2.0,2.0,True,True,True,True,Fig_9/real_baseline_trace_results.csv
275,445.0,446.0,450.0,451.0,5.0,5.0,False,True,True,True,Fig_9/real_baseline_trace_results.csv
276,492.0,493.0,494.0,495.0,2.0,2.0,True,True,True,True,Fig_9/real_baseline_trace_results.csv
277,620.0,621.0,435.0,436.0,-185.0,185.0,False,False,False,True,Fig_9/real_baseline_trace_results.csv
278,873.0,874.0,165.0,166.0,-708.0,708.0,False,False,False,True,Fig_9/real_baseline_trace_results.csv
279,840.0,841.0,133.0,134.0,-707.0,707.0,False,False,False,True,Fig_9/real_baseline_trace_results.csv
280,957.0,958.0,259.0,260.0,-698.0,698.0,False,False,False,True,Fig_9/real_baseline_trace_results.csv
281,654.0,655.0,468.0,469.0,-186.0,186.0,False,False,False,True,Fig_9/real_baseline_trace_results.csv
282,798.0,799.0,615.0,616.0,-183.0,183.0,False,False,False,True,Fig_9/real_baseline_trace_results.csv
283,362.0,363.0,,,,,False,False,False,False,Fig_9/real_baseline_trace_results.csv
284,907.0,908.0,724.0,725.0,-183.0,183.0,False,False,False,True,Fig_9/real_baseline_trace_results.csv
285,836.0,837.0,139.0,140.0,-697.0,697.0,False,False,False,True,Fig_9/real_baseline_trace_results.csv
286,884.0,885.0,698.0,699.0,-186.0,186.0,False,False,False,True,Fig_9/real_baseline_trace_results.csv
287,715.0,716.0,531.0,532.0,-184.0,184.0,False,False,False,True,Fig_9/real_baseline_trace_results.csv
288,785.0,786.0,601.0,602.0,-184.0,184.0,False,False,False,True,Fig_9/real_baseline_trace_results.csv
289,956.0,957.0,266.0,267.0,-690.0,690.0,False,False,False,True,Fig_9/real_baseline_trace_results.csv
290,821.0,822.0,637.0,638.0,-184.0,184.0,False,False,False,True,Fig_9/real_baseline_trace_results.csv
291,873.0,874.0,691.0,692.0,-182.0,182.0,False,False,False,True,Fig_9/real_baseline_trace_results.csv
292,736.0,737.0,737.0,738.0,1.0,1.0,True,True,True,True,Fig_9/real_baseline_trace_results.csv
293,946.0,947.0,764.0,765.0,-182.0,182.0,False,False,False,True,Fig_9/real_baseline_trace_results.csv
294,839.0,840.0,840.0,841.0,1.0,1.0,True,True,True,True,Fig_9/real_baseline_trace_results.csv
295,863.0,864.0,681.0,682.0,-182.0,182.0,False,False,False,True,Fig_9/real_baseline_trace_results.csv
296,775.0,776.0,593.0,594.0,-182.0,182.0,False,False,False,True,Fig_9/real_baseline_trace_results.csv
297,989.0,990.0,807.0,808.0,-182.0,182.0,False,False,False,True,Fig_9/real_baseline_trace_results.csv
298,976.0,977.0,977.0,978.0,1.0,1.0,True,True,True,True,Fig_9/real_baseline_trace_results.csv
299,604.0,605.0,424.0,425.0,-180.0,180.0,False,False,False,True,Fig_9/real_baseline_trace_results.csv
300,671.0,672.0,672.0,673.0,1.0,1.0,True,True,True,True,Fig_9/real_baseline_trace_results.csv
301,979.0,980.0,981.0,982.0,2.0,2.0,True,True,True,True,Fig_9/real_baseline_trace_results.csv
302,820.0,821.0,822.0,823.0,2.0,2.0,True,True,True,True,Fig_9/real_baseline_trace_results.csv
303,702.0,703.0,704.0,705.0,2.0,2.0,True,True,True,True,Fig_9/real_baseline_trace_results.csv
304,450.0,451.0,452.0,453.0,2.0,2.0,True,True,True,True,Fig_9/real_baseline_trace_results.csv
305,312.0,313.0,314.0,315.0,2.0,2.0,True,True,True,True,Fig_9/real_baseline_trace_results.csv
306,751.0,752.0,753.0,754.0,2.0,2.0,True,True,True,True,Fig_9/real_baseline_trace_results.csv
307,222.0,223.0,224.0,225.0,2.0,2.0,True,True,True,True,Fig_9/real_baseline_trace_results.csv
308,659.0,660.0,662.0,663.0,3.0,3.0,False,True,True,True,Fig_9/real_baseline_trace_results.csv
309,403.0,404.0,405.0,406.0,2.0,2.0,True,True,True,True,Fig_9/real_baseline_trace_results.csv
310,730.0,731.0,732.0,733.0,2.0,2.0,True,True,True,True,Fig_9/real_baseline_trace_results.csv
311,843.0,844.0,845.0,846.0,2.0,2.0,True,True,True,True,Fig_9/real_baseline_trace_results.csv
312,287.0,288.0,290.0,291.0,3.0,3.0,False,True,True,True,Fig_9/real_baseline_trace_results.csv
313,512.0,513.0,514.0,515.0,2.0,2.0,True,True,True,True,Fig_9/real_baseline_trace_results.csv
314,976.0,977.0,979.0,980.0,3.0,3.0,False,True,True,True,Fig_9/real_baseline_trace_results.csv
315,373.0,374.0,377.0,378.0,4.0,4.0,False,True,True,True,Fig_9/real_baseline_trace_results.csv
316,255.0,256.0,259.0,260.0,4.0,4.0,False,True,True,True,Fig_9/real_baseline_trace_results.csv
317,500.0,501.0,504.0,505.0,4.0,4.0,False,True,True,True,Fig_9/real_baseline_trace_results.csv
318,110.0,111.0,119.0,120.0,9.0,9.0,False,False,True,True,Fig_9/real_baseline_trace_results.csv
319,280.0,281.0,284.0,285.0,4.0,4.0,False,True,True,True,Fig_9/real_baseline_trace_results.csv
320,170.0,171.0,171.0,172.0,1.0,1.0,True,True,True,True,Fig_9/real_baseline_trace_results.csv
321,623.0,624.0,194.0,195.0,-429.0,429.0,False,False,False,True,Fig_9/real_baseline_trace_results.csv
322,302.0,303.0,303.0,304.0,1.0,1.0,True,True,True,True,Fig_9/real_baseline_trace_results.csv
323,617.0,618.0,204.0,205.0,-413.0,413.0,False,False,False,True,Fig_9/real_baseline_trace_results.csv
324,661.0,662.0,232.0,233.0,-429.0,429.0,False,False,False,True,Fig_9/real_baseline_trace_results.csv
325,177.0,178.0,179.0,180.0,2.0,2.0,True,True,True,True,Fig_9/real_baseline_trace_results.csv
326,4.0,5.0,,,,,False,False,False,False,Fig_9/real_baseline_trace_results.csv
327,157.0,158.0,159.0,160.0,2.0,2.0,True,True,True,True,Fig_9/real_baseline_trace_results.csv
328,446.0,447.0,448.0,449.0,2.0,2.0,True,True,True,True,Fig_9/real_baseline_trace_results.csv
329,57.0,58.0,205.0,206.0,148.0,148.0,False,False,False,True,Fig_9/real_baseline_trace_results.csv
330,273.0,274.0,275.0,276.0,2.0,2.0,True,True,True,True,Fig_9/real_baseline_trace_results.csv
331,286.0,287.0,290.0,291.0,4.0,4.0,False,True,True,True,Fig_9/real_baseline_trace_results.csv
332,166.0,167.0,170.0,171.0,4.0,4.0,False,True,True,True,Fig_9/real_baseline_trace_results.csv
333,714.0,715.0,716.0,717.0,2.0,2.0,True,True,True,True,Fig_9/real_baseline_trace_results.csv
334,632.0,633.0,633.0,634.0,1.0,1.0,True,True,True,True,Fig_9/real_baseline_trace_results.csv
335,92.0,93.0,297.0,298.0,205.0,205.0,False,False,False,True,Fig_9/real_baseline_trace_results.csv
336,342.0,343.0,343.0,344.0,1.0,1.0,True,True,True,True,Fig_9/real_baseline_trace_results.csv
337,147.0,148.0,153.0,154.0,6.0,6.0,False,False,True,True,Fig_9/real_baseline_trace_results.csv
338,443.0,444.0,444.0,445.0,1.0,1.0,True,True,True,True,Fig_9/real_baseline_trace_results.csv
339,215.0,216.0,216.0,217.0,1.0,1.0,True,True,True,True,Fig_9/real_baseline_trace_results.csv
340,975.0,976.0,976.0,977.0,1.0,1.0,True,True,True,True,Fig_9/real_baseline_trace_results.csv
341,347.0,348.0,354.0,355.0,7.0,7.0,False,False,True,True,Fig_9/real_baseline_trace_results.csv
342,832.0,833.0,833.0,834.0,1.0,1.0,True,True,True,True,Fig_9/real_baseline_trace_results.csv
343,31.0,32.0,235.0,236.0,204.0,204.0,False,False,False,True,Fig_9/real_baseline_trace_results.csv
344,316.0,317.0,,,,,False,False,False,False,Fig_9/real_baseline_trace_results.csv
345,635.0,636.0,638.0,639.0,3.0,3.0,False,True,True,True,Fig_9/real_baseline_trace_results.csv
346,501.0,502.0,504.0,505.0,3.0,3.0,False,True,True,True,Fig_9/real_baseline_trace_results.csv
347,826.0,827.0,831.0,832.0,5.0,5.0,False,True,True,True,Fig_9/real_baseline_trace_results.csv
348,171.0,172.0,173.0,174.0,2.0,2.0,True,True,True,True,Fig_9/real_baseline_trace_results.csv
349,825.0,826.0,826.0,827.0,1.0,1.0,True,True,True,True,Fig_9/real_baseline_trace_results.csv
350,37.0,38.0,239.0,240.0,202.0,202.0,False,False,False,True,Fig_9/real_baseline_trace_results.csv
351,314.0,315.0,320.0,321.0,6.0,6.0,False,False,True,True,Fig_9/real_baseline_trace_results.csv
352,349.0,350.0,351.0,352.0,2.0,2.0,True,True,True,True,Fig_9/real_baseline_trace_results.csv
353,544.0,545.0,549.0,550.0,5.0,5.0,False,True,True,True,Fig_9/real_baseline_trace_results.csv
354,174.0,175.0,177.0,178.0,3.0,3.0,False,True,True,True,Fig_9/real_baseline_trace_results.csv
355,82.0,83.0,,,,,False,False,False,False,Fig_9/real_baseline_trace_results.csv
356,41.0,42.0,243.0,244.0,202.0,202.0,False,False,False,True,Fig_9/real_baseline_trace_results.csv
357,17.0,18.0,,,,,False,False,False,False,Fig_9/real_baseline_trace_results.csv
358,207.0,208.0,209.0,210.0,2.0,2.0,True,True,True,True,Fig_9/real_baseline_trace_results.csv
359,569.0,570.0,571.0,572.0,2.0,2.0,True,True,True,True,Fig_9/real_baseline_trace_results.csv
360,276.0,277.0,281.0,282.0,5.0,5.0,False,True,True,True,Fig_9/real_baseline_trace_results.csv
361,337.0,338.0,339.0,340.0,2.0,2.0,True,True,True,True,Fig_9/real_baseline_trace_results.csv
362,75.0,76.0,969.0,970.0,894.0,894.0,False,False,False,True,Fig_9/real_baseline_trace_results.csv
363,650.0,651.0,359.0,360.0,-291.0,291.0,False,False,False,True,Fig_9/real_baseline_trace_results.csv
364,181.0,182.0,187.0,188.0,6.0,6.0,False,False,True,True,Fig_9/real_baseline_trace_results.csv
365,817.0,818.0,823.0,824.0,6.0,6.0,False,False,True,True,Fig_9/real_baseline_trace_results.csv
366,645.0,646.0,651.0,652.0,6.0,6.0,False,False,True,True,Fig_9/real_baseline_trace_results.csv
367,866.0,867.0,868.0,869.0,2.0,2.0,True,True,True,True,Fig_9/real_baseline_trace_results.csv
368,636.0,637.0,637.0,638.0,1.0,1.0,True,True,True,True,Fig_9/real_baseline_trace_results.csv
369,786.0,787.0,788.0,789.0,2.0,2.0,True,True,True,True,Fig_9/real_baseline_trace_results.csv
370,136.0,137.0,137.0,138.0,1.0,1.0,True,True,True,True,Fig_9/real_baseline_trace_results.csv
371,720.0,721.0,721.0,722.0,1.0,1.0,True,True,True,True,Fig_9/real_baseline_trace_results.csv
372,11.0,12.0,,,,,False,False,False,False,Fig_9/real_baseline_trace_results.csv
373,290.0,291.0,297.0,298.0,7.0,7.0,False,False,True,True,Fig_9/real_baseline_trace_results.csv
374,165.0,166.0,171.0,172.0,6.0,6.0,False,False,True,True,Fig_9/real_baseline_trace_results.csv
375,374.0,375.0,125.0,126.0,-249.0,249.0,False,False,False,True,Fig_9/real_baseline_trace_results.csv
376,211.0,212.0,217.0,218.0,6.0,6.0,False,False,True,True,Fig_9/real_baseline_trace_results.csv
377,101.0,102.0,119.0,120.0,18.0,18.0,False,False,False,True,Fig_9/real_baseline_trace_results.csv
378,171.0,172.0,181.0,182.0,10.0,10.0,False,False,True,True,Fig_9/real_baseline_trace_results.csv
379,387.0,388.0,153.0,154.0,-234.0,234.0,False,False,False,True,Fig_9/real_baseline_trace_results.csv
380,334.0,335.0,342.0,343.0,8.0,8.0,False,False,True,True,Fig_9/real_baseline_trace_results.csv
381,220.0,221.0,225.0,226.0,5.0,5.0,False,True,True,True,Fig_9/real_baseline_trace_results.csv
382,308.0,309.0,318.0,319.0,10.0,10.0,False,False,True,True,Fig_9/real_baseline_trace_results.csv
383,353.0,354.0,363.0,364.0,10.0,10.0,False,False,True,True,Fig_9/real_baseline_trace_results.csv
384,417.0,418.0,427.0,428.0,10.0,10.0,False,False,True,True,Fig_9/real_baseline_trace_results.csv
385,0.0,1.0,,,,,False,False,False,False,Fig_9/real_baseline_trace_results.csv
386,325.0,326.0,336.0,337.0,11.0,11.0,False,False,False,True,Fig_9/real_baseline_trace_results.csv
387,235.0,236.0,236.0,237.0,1.0,1.0,True,True,True,True,Fig_9/real_baseline_trace_results.csv
388,227.0,228.0,228.0,229.0,1.0,1.0,True,True,True,True,Fig_9/real_baseline_trace_results.csv
389,57.0,58.0,,,,,False,False,False,False,Fig_9/real_baseline_trace_results.csv
390,62.0,63.0,,,,,False,False,False,False,Fig_9/real_baseline_trace_results.csv
391,188.0,189.0,190.0,191.0,2.0,2.0,True,True,True,True,Fig_9/real_baseline_trace_results.csv
392,28.0,29.0,,,,,False,False,False,False,Fig_9/real_baseline_trace_results.csv
393,86.0,87.0,,,,,False,False,False,False,Fig_9/real_baseline_trace_results.csv
394,124.0,125.0,128.0,129.0,4.0,4.0,False,True,True,True,Fig_9/real_baseline_trace_results.csv
395,141.0,142.0,143.0,144.0,2.0,2.0,True,True,True,True,Fig_9/real_baseline_trace_results.csv
396,49.0,50.0,,,,,False,False,False,False,Fig_9/real_baseline_trace_results.csv
397,181.0,182.0,182.0,183.0,1.0,1.0,True,True,True,True,Fig_9/real_baseline_trace_results.csv
398,580.0,581.0,584.0,585.0,4.0,4.0,False,True,True,True,Fig_9/real_baseline_trace_results.csv
399,135.0,136.0,136.0,137.0,1.0,1.0,True,True,True,True,Fig_9/real_baseline_trace_results.csv
400,303.0,304.0,309.0,310.0,6.0,6.0,False,False,True,True,Fig_9/real_baseline_trace_results.csv
401,552.0,553.0,556.0,557.0,4.0,4.0,False,True,True,True,Fig_9/real_baseline_trace_results.csv
402,103.0,104.0,600.0,601.0,497.0,497.0,False,False,False,True,Fig_9/real_baseline_trace_results.csv
403,266.0,267.0,269.0,270.0,3.0,3.0,False,True,True,True,Fig_9/real_baseline_trace_results.csv
404,622.0,623.0,625.0,626.0,3.0,3.0,False,True,True,True,Fig_9/real_baseline_trace_results.csv
405,172.0,173.0,176.0,177.0,4.0,4.0,False,True,True,True,Fig_9/real_baseline_trace_results.csv
406,164.0,165.0,166.0,167.0,2.0,2.0,True,True,True,True,Fig_9/real_baseline_trace_results.csv
407,47.0,48.0,547.0,548.0,500.0,500.0,False,False,False,True,Fig_9/real_baseline_trace_results.csv
408,655.0,656.0,657.0,658.0,2.0,2.0,True,True,True,True,Fig_9/real_baseline_trace_results.csv
409,82.0,83.0,,,,,False,False,False,False,Fig_9/real_baseline_trace_results.csv
410,257.0,258.0,259.0,260.0,2.0,2.0,True,True,True,True,Fig_9/real_baseline_trace_results.csv
411,89.0,90.0,593.0,594.0,504.0,504.0,False,False,False,True,Fig_9/real_baseline_trace_results.csv
412,403.0,404.0,405.0,406.0,2.0,2.0,True,True,True,True,Fig_9/real_baseline_trace_results.csv
413,90.0,91.0,590.0,591.0,500.0,500.0,False,False,False,True,Fig_9/real_baseline_trace_results.csv
414,433.0,434.0,436.0,437.0,3.0,3.0,False,True,True,True,Fig_9/real_baseline_trace_results.csv
415,242.0,243.0,243.0,244.0,1.0,1.0,True,True,True,True,Fig_9/real_baseline_trace_results.csv
416,240.0,241.0,241.0,242.0,1.0,1.0,True,True,True,True,Fig_9/real_baseline_trace_results.csv
417,209.0,210.0,210.0,211.0,1.0,1.0,True,True,True,True,Fig_9/real_baseline_trace_results.csv
418,265.0,266.0,267.0,268.0,2.0,2.0,True,True,True,True,Fig_9/real_baseline_trace_results.csv
419,8.0,9.0,201.0,202.0,193.0,193.0,False,False,False,True,Fig_9/real_baseline_trace_results.csv
420,341.0,342.0,145.0,146.0,-196.0,196.0,False,False,False,True,Fig_9/real_baseline_trace_results.csv
421,289.0,290.0,230.0,231.0,-59.0,59.0,False,False,False,True,Fig_9/real_baseline_trace_results.csv
422,853.0,854.0,794.0,795.0,-59.0,59.0,False,False,False,True,Fig_9/real_baseline_trace_results.csv
423,745.0,746.0,748.0,749.0,3.0,3.0,False,True,True,True,Fig_9/real_baseline_trace_results.csv
424,497.0,498.0,500.0,501.0,3.0,3.0,False,True,True,True,Fig_9/real_baseline_trace_results.csv
425,805.0,806.0,808.0,809.0,3.0,3.0,False,True,True,True,Fig_9/real_baseline_trace_results.csv
426,926.0,927.0,928.0,929.0,2.0,2.0,True,True,True,True,Fig_9/real_baseline_trace_results.csv
427,995.0,996.0,997.0,998.0,2.0,2.0,True,True,True,True,Fig_9/real_baseline_trace_results.csv
428,130.0,131.0,133.0,134.0,3.0,3.0,False,True,True,True,Fig_9/real_baseline_trace_results.csv
429,717.0,718.0,720.0,721.0,3.0,3.0,False,True,True,True,Fig_9/real_baseline_trace_results.csv
430,720.0,721.0,723.0,724.0,3.0,3.0,False,True,True,True,Fig_9/real_baseline_trace_results.csv
431,674.0,675.0,677.0,678.0,3.0,3.0,False,True,True,True,Fig_9/real_baseline_trace_results.csv
432,736.0,737.0,739.0,740.0,3.0,3.0,False,True,True,True,Fig_9/real_baseline_trace_results.csv
433,277.0,278.0,280.0,281.0,3.0,3.0,False,True,True,True,Fig_9/real_baseline_trace_results.csv
434,107.0,108.0,119.0,120.0,12.0,12.0,False,False,False,True,Fig_9/real_baseline_trace_results.csv
435,181.0,182.0,122.0,123.0,-59.0,59.0,False,False,False,True,Fig_9/real_baseline_trace_results.csv
436,379.0,380.0,320.0,321.0,-59.0,59.0,False,False,False,True,Fig_9/real_baseline_trace_results.csv
437,142.0,143.0,145.0,146.0,3.0,3.0,False,True,True,True,Fig_9/real_baseline_trace_results.csv
438,105.0,106.0,127.0,128.0,22.0,22.0,False,False,False,True,Fig_9/real_baseline_trace_results.csv
439,212.0,213.0,215.0,216.0,3.0,3.0,False,True,True,True,Fig_9/real_baseline_trace_results.csv
440,471.0,472.0,475.0,476.0,4.0,4.0,False,True,True,True,Fig_9/real_baseline_trace_results.csv
441,390.0,391.0,392.0,393.0,2.0,2.0,True,True,True,True,Fig_9/real_baseline_trace_results.csv
442,16.0,17.0,,,,,False,False,False,False,Fig_9/real_baseline_trace_results.csv
443,31.0,32.0,223.0,224.0,192.0,192.0,False,False,False,True,Fig_9/real_baseline_trace_results.csv
444,309.0,310.0,312.0,313.0,3.0,3.0,False,True,True,True,Fig_9/real_baseline_trace_results.csv
445,201.0,202.0,204.0,205.0,3.0,3.0,False,True,True,True,Fig_9/real_baseline_trace_results.csv
446,28.0,29.0,,,,,False,False,False,False,Fig_9/real_baseline_trace_results.csv
447,15.0,16.0,,,,,False,False,False,False,Fig_9/real_baseline_trace_results.csv
448,239.0,240.0,240.0,241.0,1.0,1.0,True,True,True,True,Fig_9/real_baseline_trace_results.csv
449,312.0,313.0,313.0,314.0,1.0,1.0,True,True,True,True,Fig_9/real_baseline_trace_results.csv
450,,,,,,,False,False,False,False,Fig_9/real_baseline_trace_results.csv
451,0.0,1.0,239.0,240.0,239.0,239.0,False,False,False,True,Fig_9/real_baseline_trace_results.csv
452,15.0,16.0,254.0,255.0,239.0,239.0,False,False,False,True,Fig_9/real_baseline_trace_results.csv
453,37.0,38.0,278.0,279.0,241.0,241.0,False,False,False,True,Fig_9/real_baseline_trace_results.csv
454,31.0,32.0,270.0,271.0,239.0,239.0,False,False,False,True,Fig_9/real_baseline_trace_results.csv
455,30.0,31.0,,,,,False,False,False,False,Fig_9/real_baseline_trace_results.csv
456,19.0,20.0,,,,,False,False,False,False,Fig_9/real_baseline_trace_results.csv
457,7.0,8.0,247.0,248.0,240.0,240.0,False,False,False,True,Fig_9/real_baseline_trace_results.csv
458,11.0,12.0,251.0,252.0,240.0,240.0,False,False,False,True,Fig_9/real_baseline_trace_results.csv
459,13.0,14.0,242.0,243.0,229.0,229.0,False,False,False,True,Fig_9/real_baseline_trace_results.csv
460,112.0,113.0,215.0,216.0,103.0,103.0,False,False,False,True,Fig_9/real_baseline_trace_results.csv
461,105.0,106.0,207.0,208.0,102.0,102.0,False,False,False,True,Fig_9/real_baseline_trace_results.csv
462,16.0,17.0,244.0,245.0,228.0,228.0,False,False,False,True,Fig_9/real_baseline_trace_results.csv
463,26.0,27.0,127.0,128.0,101.0,101.0,False,False,False,True,Fig_9/real_baseline_trace_results.csv
464,57.0,58.0,158.0,159.0,101.0,101.0,False,False,False,True,Fig_9/real_baseline_trace_results.csv
465,40.0,41.0,141.0,142.0,101.0,101.0,False,False,False,True,Fig_9/real_baseline_trace_results.csv
466,69.0,70.0,171.0,172.0,102.0,102.0,False,False,False,True,Fig_9/real_baseline_trace_results.csv
467,2.0,3.0,227.0,228.0,225.0,225.0,False,False,False,True,Fig_9/real_baseline_trace_results.csv
468,106.0,107.0,207.0,208.0,101.0,101.0,False,False,False,True,Fig_9/real_baseline_trace_results.csv
469,34.0,35.0,136.0,137.0,102.0,102.0,False,False,False,True,Fig_9/real_baseline_trace_results.csv
470,93.0,94.0,197.0,198.0,104.0,104.0,False,False,False,True,Fig_9/real_baseline_trace_results.csv
471,3.0,4.0,230.0,231.0,227.0,227.0,False,False,False,True,Fig_9/real_baseline_trace_results.csv
472,13.0,14.0,242.0,243.0,229.0,229.0,False,False,False,True,Fig_9/real_baseline_trace_results.csv
473,125.0,126.0,129.0,130.0,4.0,4.0,False,True,True,True,Fig_9/real_baseline_trace_results.csv
474,114.0,115.0,214.0,215.0,100.0,100.0,False,False,False,True,Fig_9/real_baseline_trace_results.csv
475,59.0,60.0,159.0,160.0,100.0,100.0,False,False,False,True,Fig_9/real_baseline_trace_results.csv
476,103.0,104.0,207.0,208.0,104.0,104.0,False,False,False,True,Fig_9/real_baseline_trace_results.csv
477,44.0,45.0,148.0,149.0,104.0,104.0,False,False,False,True,Fig_9/real_baseline_trace_results.csv
478,100.0,101.0,204.0,205.0,104.0,104.0,False,False,False,True,Fig_9/real_baseline_trace_results.csv
479,43.0,44.0,679.0,680.0,636.0,636.0,False,False,False,True,Fig_9/real_baseline_trace_results.csv
480,28.0,29.0,663.0,664.0,635.0,635.0,False,False,False,True,Fig_9/real_baseline_trace_results.csv
481,36.0,37.0,672.0,673.0,636.0,636.0,False,False,False,True,Fig_9/real_baseline_trace_results.csv
482,45.0,46.0,682.0,683.0,637.0,637.0,False,False,False,True,Fig_9/real_baseline_trace_results.csv
483,14.0,15.0,657.0,658.0,643.0,643.0,False,False,False,True,Fig_9/real_baseline_trace_results.csv
484,22.0,23.0,920.0,921.0,898.0,898.0,False,False,False,True,Fig_9/real_baseline_trace_results.csv
485,3.0,4.0,901.0,902.0,898.0,898.0,False,False,False,True,Fig_9/real_baseline_trace_results.csv
486,49.0,50.0,959.0,960.0,910.0,910.0,False,False,False,True,Fig_9/real_baseline_trace_results.csv
487,40.0,41.0,686.0,687.0,646.0,646.0,False,False,False,True,Fig_9/real_baseline_trace_results.csv
488,34.0,35.0,907.0,908.0,873.0,873.0,False,False,False,True,Fig_9/real_baseline_trace_results.csv
489,22.0,23.0,669.0,670.0,647.0,647.0,False,False,False,True,Fig_9/real_baseline_trace_results.csv
490,9.0,10.0,659.0,660.0,650.0,650.0,False,False,False,True,Fig_9/real_baseline_trace_results.csv
491,19.0,20.0,666.0,667.0,647.0,647.0,False,False,False,True,Fig_9/real_baseline_trace_results.csv
492,13.0,14.0,886.0,887.0,873.0,873.0,False,False,False,True,Fig_9/real_baseline_trace_results.csv
493,37.0,38.0,945.0,946.0,908.0,908.0,False,False,False,True,Fig_9/real_baseline_trace_results.csv
494,124.0,125.0,126.0,127.0,2.0,2.0,True,True,True,True,Fig_9/real_baseline_trace_results.csv
495,285.0,286.0,286.0,287.0,1.0,1.0,True,True,True,True,Fig_9/real_baseline_trace_results.csv
496,807.0,808.0,656.0,657.0,-151.0,151.0,False,False,False,True,Fig_9/real_baseline_trace_results.csv
497,289.0,290.0,290.0,291.0,1.0,1.0,True,True,True,True,Fig_9/real_baseline_trace_results.csv
498,624.0,625.0,628.0,629.0,4.0,4.0,False,True,True,True,Fig_9/real_baseline_trace_results.csv
499,258.0,259.0,259.0,260.0,1.0,1.0,True,True,True,True,Fig_9/real_baseline_trace_results.csv
500,15.0,16.0,,,,,False,False,False,False,Fig_9/real_baseline_trace_results.csv
501,190.0,191.0,194.0,195.0,4.0,4.0,False,True,True,True,Fig_9/real_baseline_trace_results.csv
502,302.0,303.0,303.0,304.0,1.0,1.0,True,True,True,True,Fig_9/real_baseline_trace_results.csv
503,245.0,246.0,248.0,249.0,3.0,3.0,False,True,True,True,Fig_9/real_baseline_trace_results.csv
504,266.0,267.0,269.0,270.0,3.0,3.0,False,True,True,True,Fig_9/real_baseline_trace_results.csv
505,264.0,265.0,267.0,268.0,3.0,3.0,False,True,True,True,Fig_9/real_baseline_trace_results.csv
506,251.0,252.0,255.0,256.0,4.0,4.0,False,True,True,True,Fig_9/real_baseline_trace_results.csv
507,231.0,232.0,234.0,235.0,3.0,3.0,False,True,True,True,Fig_9/real_baseline_trace_results.csv
508,7.0,8.0,,,,,False,False,False,False,Fig_9/real_baseline_trace_results.csv
509,309.0,310.0,315.0,316.0,6.0,6.0,False,False,True,True,Fig_9/real_baseline_trace_results.csv
510,358.0,359.0,362.0,363.0,4.0,4.0,False,True,True,True,Fig_9/real_baseline_trace_results.csv
511,137.0,138.0,140.0,141.0,3.0,3.0,False,True,True,True,Fig_9/real_baseline_trace_results.csv
512,132.0,133.0,139.0,140.0,7.0,7.0,False,False,True,True,Fig_9/real_baseline_trace_results.csv
513,227.0,228.0,232.0,233.0,5.0,5.0,False,True,True,True,Fig_9/real_baseline_trace_results.csv
514,187.0,188.0,190.0,191.0,3.0,3.0,False,True,True,True,Fig_9/real_baseline_trace_results.csv
515,157.0,158.0,159.0,160.0,2.0,2.0,True,True,True,True,Fig_9/real_baseline_trace_results.csv
516,199.0,200.0,200.0,201.0,1.0,1.0,True,True,True,True,Fig_9/real_baseline_trace_results.csv
517,316.0,317.0,318.0,319.0,2.0,2.0,True,True,True,True,Fig_9/real_baseline_trace_results.csv
518,66.0,67.0,,,,,False,False,False,False,Fig_9/real_baseline_trace_results.csv
519,286.0,287.0,288.0,289.0,2.0,2.0,True,True,True,True,Fig_9/real_baseline_trace_results.csv
520,259.0,260.0,262.0,263.0,3.0,3.0,False,True,True,True,Fig_9/real_baseline_trace_results.csv
521,278.0,279.0,279.0,280.0,1.0,1.0,True,True,True,True,Fig_9/real_baseline_trace_results.csv
522,348.0,349.0,350.0,351.0,2.0,2.0,True,True,True,True,Fig_9/real_baseline_trace_results.csv
523,118.0,119.0,120.0,121.0,2.0,2.0,True,True,True,True,Fig_9/real_baseline_trace_results.csv
524,139.0,140.0,140.0,141.0,1.0,1.0,True,True,True,True,Fig_9/real_baseline_trace_results.csv
525,246.0,247.0,248.0,249.0,2.0,2.0,True,True,True,True,Fig_9/real_baseline_trace_results.csv
526,92.0,93.0,,,,,False,False,False,False,Fig_9/real_baseline_trace_results.csv
527,244.0,245.0,247.0,248.0,3.0,3.0,False,True,True,True,Fig_9/real_baseline_trace_results.csv
528,288.0,289.0,291.0,292.0,3.0,3.0,False,True,True,True,Fig_9/real_baseline_trace_results.csv
529,11.0,12.0,,,,,False,False,False,False,Fig_9/real_baseline_trace_results.csv
530,286.0,287.0,287.0,288.0,1.0,1.0,True,True,True,True,Fig_9/real_baseline_trace_results.csv
531,178.0,179.0,184.0,185.0,6.0,6.0,False,False,True,True,Fig_9/real_baseline_trace_results.csv
532,556.0,557.0,559.0,560.0,3.0,3.0,False,True,True,True,Fig_9/real_baseline_trace_results.csv
533,33.0,34.0,289.0,290.0,256.0,256.0,False,False,False,True,Fig_9/real_baseline_trace_results.csv
534,665.0,666.0,669.0,670.0,4.0,4.0,False,True,True,True,Fig_9/real_baseline_trace_results.csv
535,400.0,401.0,404.0,405.0,4.0,4.0,False,True,True,True,Fig_9/real_baseline_trace_results.csv
536,120.0,121.0,124.0,125.0,4.0,4.0,False,True,True,True,Fig_9/real_baseline_trace_results.csv
537,31.0,32.0,,,,,False,False,False,False,Fig_9/real_baseline_trace_results.csv
538,550.0,551.0,557.0,558.0,7.0,7.0,False,False,True,True,Fig_9/real_baseline_trace_results.csv
539,648.0,649.0,403.0,404.0,-245.0,245.0,False,False,False,True,Fig_9/real_baseline_trace_results.csv
540,207.0,208.0,209.0,210.0,2.0,2.0,True,True,True,True,Fig_9/real_baseline_trace_results.csv
541,525.0,526.0,528.0,529.0,3.0,3.0,False,True,True,True,Fig_9/real_baseline_trace_results.csv
542,475.0,476.0,478.0,479.0,3.0,3.0,False,True,True,True,Fig_9/real_baseline_trace_results.csv
543,617.0,618.0,555.0,556.0,-62.0,62.0,False,False,False,True,Fig_9/real_baseline_trace_results.csv
544,118.0,119.0,122.0,123.0,4.0,4.0,False,True,True,True,Fig_9/real_baseline_trace_results.csv
545,42.0,43.0,,,,,False,False,False,False,Fig_9/real_baseline_trace_results.csv
546,623.0,624.0,624.0,625.0,1.0,1.0,True,True,True,True,Fig_9/real_baseline_trace_results.csv
547,359.0,360.0,364.0,365.0,5.0,5.0,False,True,True,True,Fig_9/real_baseline_trace_results.csv
548,320.0,321.0,324.0,325.0,4.0,4.0,False,True,True,True,Fig_9/real_baseline_trace_results.csv
549,699.0,700.0,700.0,701.0,1.0,1.0,True,True,True,True,Fig_9/real_baseline_trace_results.csv
550,452.0,453.0,456.0,457.0,4.0,4.0,False,True,True,True,Fig_9/real_baseline_trace_results.csv
551,0.0,1.0,270.0,271.0,270.0,270.0,False,False,False,True,Fig_9/real_baseline_trace_results.csv
552,306.0,307.0,307.0,308.0,1.0,1.0,True,True,True,True,Fig_9/real_baseline_trace_results.csv
553,107.0,108.0,377.0,378.0,270.0,270.0,False,False,False,True,Fig_9/real_baseline_trace_results.csv
554,252.0,253.0,197.0,198.0,-55.0,55.0,False,False,False,True,Fig_9/real_baseline_trace_results.csv
555,310.0,311.0,253.0,254.0,-57.0,57.0,False,False,False,True,Fig_9/real_baseline_trace_results.csv
556,917.0,918.0,857.0,858.0,-60.0,60.0,False,False,False,True,Fig_9/real_baseline_trace_results.csv
557,99.0,100.0,121.0,122.0,22.0,22.0,False,False,False,True,Fig_9/real_baseline_trace_results.csv
558,706.0,707.0,648.0,649.0,-58.0,58.0,False,False,False,True,Fig_9/real_baseline_trace_results.csv
559,706.0,707.0,709.0,710.0,3.0,3.0,False,True,True,True,Fig_9/real_baseline_trace_results.csv
560,802.0,803.0,807.0,808.0,5.0,5.0,False,True,True,True,Fig_9/real_baseline_trace_results.csv
561,951.0,952.0,914.0,915.0,-37.0,37.0,False,False,False,True,Fig_9/real_baseline_trace_results.csv
562,802.0,803.0,755.0,756.0,-47.0,47.0,False,False,False,True,Fig_9/real_baseline_trace_results.csv
563,775.0,776.0,725.0,726.0,-50.0,50.0,False,False,False,True,Fig_9/real_baseline_trace_results.csv
564,302.0,303.0,255.0,256.0,-47.0,47.0,False,False,False,True,Fig_9/real_baseline_trace_results.csv
565,11.0,12.0,,,,,False,False,False,False,Fig_9/real_baseline_trace_results.csv
566,629.0,630.0,583.0,584.0,-46.0,46.0,False,False,False,True,Fig_9/real_baseline_trace_results.csv
567,103.0,104.0,144.0,145.0,41.0,41.0,False,False,False,True,Fig_9/real_baseline_trace_results.csv
568,535.0,536.0,545.0,546.0,10.0,10.0,False,False,True,True,Fig_9/real_baseline_trace_results.csv
569,54.0,55.0,,,,,False,False,False,False,Fig_9/real_baseline_trace_results.csv
570,312.0,313.0,317.0,318.0,5.0,5.0,False,True,True,True,Fig_9/real_baseline_trace_results.csv
571,640.0,641.0,649.0,650.0,9.0,9.0,False,False,True,True,Fig_9/real_baseline_trace_results.csv
572,265.0,266.0,271.0,272.0,6.0,6.0,False,False,True,True,Fig_9/real_baseline_trace_results.csv
573,150.0,151.0,157.0,158.0,7.0,7.0,False,False,True,True,Fig_9/real_baseline_trace_results.csv
574,606.0,607.0,614.0,615.0,8.0,8.0,False,False,True,True,Fig_9/real_baseline_trace_results.csv
575,352.0,353.0,357.0,358.0,5.0,5.0,False,True,True,True,Fig_9/real_baseline_trace_results.csv
576,828.0,829.0,831.0,832.0,3.0,3.0,False,True,True,True,Fig_9/real_baseline_trace_results.csv
577,653.0,654.0,659.0,660.0,6.0,6.0,False,False,True,True,Fig_9/real_baseline_trace_results.csv
578,143.0,144.0,151.0,152.0,8.0,8.0,False,False,True,True,Fig_9/real_baseline_trace_results.csv
579,711.0,712.0,715.0,716.0,4.0,4.0,False,True,True,True,Fig_9/real_baseline_trace_results.csv
580,633.0,634.0,635.0,636.0,2.0,2.0,True,True,True,True,Fig_9/real_baseline_trace_results.csv
581,238.0,239.0,240.0,241.0,2.0,2.0,True,True,True,True,Fig_9/real_baseline_trace_results.csv
582,730.0,731.0,731.0,732.0,1.0,1.0,True,True,True,True,Fig_9/real_baseline_trace_results.csv
583,621.0,622.0,558.0,559.0,-63.0,63.0,False,False,False,True,Fig_9/real_baseline_trace_results.csv
584,189.0,190.0,191.0,192.0,2.0,2.0,True,True,True,True,Fig_9/real_baseline_trace_results.csv
585,119.0,120.0,123.0,124.0,4.0,4.0,False,True,True,True,Fig_9/real_baseline_trace_results.csv
586,935.0,936.0,251.0,252.0,-684.0,684.0,False,False,False,True,Fig_9/real_baseline_trace_results.csv
587,284.0,285.0,221.0,222.0,-63.0,63.0,False,False,False,True,Fig_9/real_baseline_trace_results.csv
588,652.0,653.0,450.0,451.0,-202.0,202.0,False,False,False,True,Fig_9/real_baseline_trace_results.csv
589,829.0,830.0,149.0,150.0,-680.0,680.0,False,False,False,True,Fig_9/real_baseline_trace_results.csv
590,637.0,638.0,575.0,576.0,-62.0,62.0,False,False,False,True,Fig_9/real_baseline_trace_results.csv
591,366.0,367.0,303.0,304.0,-63.0,63.0,False,False,False,True,Fig_9/real_baseline_trace_results.csv
592,647.0,648.0,649.0,650.0,2.0,2.0,True,True,True,True,Fig_9/real_baseline_trace_results.csv
593,302.0,303.0,307.0,308.0,5.0,5.0,False,True,True,True,Fig_9/real_baseline_trace_results.csv
594,800.0,801.0,673.0,674.0,-127.0,127.0,False,False,False,True,Fig_9/real_baseline_trace_results.csv
595,846.0,847.0,849.0,850.0,3.0,3.0,False,True,True,True,Fig_9/real_baseline_trace_results.csv
596,141.0,142.0,145.0,146.0,4.0,4.0,False,True,True,True,Fig_9/real_baseline_trace_results.csv
597,119.0,120.0,121.0,122.0,2.0,2.0,True,True,True,True,Fig_9/real_baseline_trace_results.csv
598,23.0,24.0,552.0,553.0,529.0,529.0,False,False,False,True,Fig_9/real_baseline_trace_results.csv
599,238.0,239.0,173.0,174.0,-65.0,65.0,False,False,False,True,Fig_9/real_baseline_trace_results.csv
600,762.0,763.0,235.0,236.0,-527.0,527.0,False,False,False,True,Fig_9/real_baseline_trace_results.csv
601,472.0,473.0,409.0,410.0,-63.0,63.0,False,False,False,True,Fig_9/real_baseline_trace_results.csv
602,478.0,479.0,480.0,481.0,2.0,2.0,True,True,True,True,Fig_9/real_baseline_trace_results.csv
603,348.0,349.0,351.0,352.0,3.0,3.0,False,True,True,True,Fig_9/real_baseline_trace_results.csv
604,162.0,163.0,165.0,166.0,3.0,3.0,False,True,True,True,Fig_9/real_baseline_trace_results.csv
605,387.0,388.0,392.0,393.0,5.0,5.0,False,True,True,True,Fig_9/real_baseline_trace_results.csv
606,365.0,366.0,372.0,373.0,7.0,7.0,False,False,True,True,Fig_9/real_baseline_trace_results.csv
607,143.0,144.0,149.0,150.0,6.0,6.0,False,False,True,True,Fig_9/real_baseline_trace_results.csv
608,1.0,2.0,,,,,False,False,False,False,Fig_9/real_baseline_trace_results.csv
609,41.0,42.0,,,,,False,False,False,False,Fig_9/real_baseline_trace_results.csv
610,185.0,186.0,192.0,193.0,7.0,7.0,False,False,True,True,Fig_9/real_baseline_trace_results.csv
611,328.0,329.0,330.0,331.0,2.0,2.0,True,True,True,True,Fig_9/real_baseline_trace_results.csv
612,270.0,271.0,282.0,283.0,12.0,12.0,False,False,False,True,Fig_9/real_baseline_trace_results.csv
613,315.0,316.0,322.0,323.0,7.0,7.0,False,False,True,True,Fig_9/real_baseline_trace_results.csv
614,383.0,384.0,399.0,400.0,16.0,16.0,False,False,False,True,Fig_9/real_baseline_trace_results.csv
615,294.0,295.0,304.0,305.0,10.0,10.0,False,False,True,True,Fig_9/real_baseline_trace_results.csv
616,211.0,212.0,219.0,220.0,8.0,8.0,False,False,True,True,Fig_9/real_baseline_trace_results.csv
617,6.0,7.0,,,,,False,False,False,False,Fig_9/real_baseline_trace_results.csv
618,234.0,235.0,236.0,237.0,2.0,2.0,True,True,True,True,Fig_9/real_baseline_trace_results.csv
619,393.0,394.0,396.0,397.0,3.0,3.0,False,True,True,True,Fig_9/real_baseline_trace_results.csv
620,246.0,247.0,249.0,250.0,3.0,3.0,False,True,True,True,Fig_9/real_baseline_trace_results.csv
621,79.0,80.0,119.0,120.0,40.0,40.0,False,False,False,True,Fig_9/real_baseline_trace_results.csv
622,365.0,366.0,405.0,406.0,40.0,40.0,False,False,False,True,Fig_9/real_baseline_trace_results.csv
623,137.0,138.0,144.0,145.0,7.0,7.0,False,False,True,True,Fig_9/real_baseline_trace_results.csv
624,125.0,126.0,130.0,131.0,5.0,5.0,False,True,True,True,Fig_9/real_baseline_trace_results.csv
625,459.0,460.0,466.0,467.0,7.0,7.0,False,False,True,True,Fig_9/real_baseline_trace_results.csv
626,403.0,404.0,408.0,409.0,5.0,5.0,False,True,True,True,Fig_9/real_baseline_trace_results.csv
627,141.0,142.0,145.0,146.0,4.0,4.0,False,True,True,True,Fig_9/real_baseline_trace_results.csv
628,679.0,680.0,680.0,681.0,1.0,1.0,True,True,True,True,Fig_9/real_baseline_trace_results.csv
629,728.0,729.0,734.0,735.0,6.0,6.0,False,False,True,True,Fig_9/real_baseline_trace_results.csv
630,138.0,139.0,165.0,166.0,27.0,27.0,False,False,False,True,Fig_9/real_baseline_trace_results.csv
631,129.0,130.0,165.0,166.0,36.0,36.0,False,False,False,True,Fig_9/real_baseline_trace_results.csv
632,346.0,347.0,365.0,366.0,19.0,19.0,False,False,False,True,Fig_9/real_baseline_trace_results.csv
633,350.0,351.0,,,,,False,False,False,False,Fig_9/real_baseline_trace_results.csv
634,976.0,977.0,983.0,984.0,7.0,7.0,False,False,True,True,Fig_9/real_baseline_trace_results.csv
635,702.0,703.0,727.0,728.0,25.0,25.0,False,False,False,True,Fig_9/real_baseline_trace_results.csv
636,367.0,368.0,371.0,372.0,4.0,4.0,False,True,True,True,Fig_9/real_baseline_trace_results.csv
637,349.0,350.0,366.0,367.0,17.0,17.0,False,False,False,True,Fig_9/real_baseline_trace_results.csv
638,66.0,67.0,,,,,False,False,False,False,Fig_9/real_baseline_trace_results.csv
639,335.0,336.0,357.0,358.0,22.0,22.0,False,False,False,True,Fig_9/real_baseline_trace_results.csv
640,212.0,213.0,214.0,215.0,2.0,2.0,True,True,True,True,Fig_9/real_baseline_trace_results.csv
641,9.0,10.0,187.0,188.0,178.0,178.0,False,False,False,True,Fig_9/real_baseline_trace_results.csv
642,847.0,848.0,853.0,854.0,6.0,6.0,False,False,True,True,Fig_9/real_baseline_trace_results.csv
643,100.0,101.0,278.0,279.0,178.0,178.0,False,False,False,True,Fig_9/real_baseline_trace_results.csv
644,51.0,52.0,231.0,232.0,180.0,180.0,False,False,False,True,Fig_9/real_baseline_trace_results.csv
645,194.0,195.0,198.0,199.0,4.0,4.0,False,True,True,True,Fig_9/real_baseline_trace_results.csv
646,957.0,958.0,962.0,963.0,5.0,5.0,False,True,True,True,Fig_9/real_baseline_trace_results.csv
647,701.0,702.0,706.0,707.0,5.0,5.0,False,True,True,True,Fig_9/real_baseline_trace_results.csv
648,309.0,310.0,188.0,189.0,-121.0,121.0,False,False,False,True,Fig_9/real_baseline_trace_results.csv
649,716.0,717.0,725.0,726.0,9.0,9.0,False,False,True,True,Fig_9/real_baseline_trace_results.csv
650,368.0,369.0,373.0,374.0,5.0,5.0,False,True,True,True,Fig_9/real_baseline_trace_results.csv
651,211.0,212.0,218.0,219.0,7.0,7.0,False,False,True,True,Fig_9/real_baseline_trace_results.csv
652,87.0,88.0,501.0,502.0,414.0,414.0,False,False,False,True,Fig_9/real_baseline_trace_results.csv
653,879.0,880.0,884.0,885.0,5.0,5.0,False,True,True,True,Fig_9/real_baseline_trace_results.csv
654,619.0,620.0,621.0,622.0,2.0,2.0,True,True,True,True,Fig_9/real_baseline_trace_results.csv
655,243.0,244.0,246.0,247.0,3.0,3.0,False,True,True,True,Fig_9/real_baseline_trace_results.csv
656,170.0,171.0,172.0,173.0,2.0,2.0,True,True,True,True,Fig_9/real_baseline_trace_results.csv
657,44.0,45.0,546.0,547.0,502.0,502.0,False,False,False,True,Fig_9/real_baseline_trace_results.csv
658,763.0,764.0,768.0,769.0,5.0,5.0,False,True,True,True,Fig_9/real_baseline_trace_results.csv
659,921.0,922.0,928.0,929.0,7.0,7.0,False,False,True,True,Fig_9/real_baseline_trace_results.csv
660,875.0,876.0,877.0,878.0,2.0,2.0,True,True,True,True,Fig_9/real_baseline_trace_results.csv
661,27.0,28.0,205.0,206.0,178.0,178.0,False,False,False,True,Fig_9/real_baseline_trace_results.csv
662,337.0,338.0,340.0,341.0,3.0,3.0,False,True,True,True,Fig_9/real_baseline_trace_results.csv
663,774.0,775.0,777.0,778.0,3.0,3.0,False,True,True,True,Fig_9/real_baseline_trace_results.csv
664,167.0,168.0,171.0,172.0,4.0,4.0,False,True,True,True,Fig_9/real_baseline_trace_results.csv
665,731.0,732.0,734.0,735.0,3.0,3.0,False,True,True,True,Fig_9/real_baseline_trace_results.csv
666,647.0,648.0,651.0,652.0,4.0,4.0,False,True,True,True,Fig_9/real_baseline_trace_results.csv
667,302.0,303.0,304.0,305.0,2.0,2.0,True,True,True,True,Fig_9/real_baseline_trace_results.csv
668,653.0,654.0,656.0,657.0,3.0,3.0,False,True,True,True,Fig_9/real_baseline_trace_results.csv
669,702.0,703.0,705.0,706.0,3.0,3.0,False,True,True,True,Fig_9/real_baseline_trace_results.csv
670,895.0,896.0,898.0,899.0,3.0,3.0,False,True,True,True,Fig_9/real_baseline_trace_results.csv
671,583.0,584.0,584.0,585.0,1.0,1.0,True,True,True,True,Fig_9/real_baseline_trace_results.csv
672,196.0,197.0,200.0,201.0,4.0,4.0,False,True,True,True,Fig_9/real_baseline_trace_results.csv
673,681.0,682.0,683.0,684.0,2.0,2.0,True,True,True,True,Fig_9/real_baseline_trace_results.csv
674,668.0,669.0,672.0,673.0,4.0,4.0,False,True,True,True,Fig_9/real_baseline_trace_results.csv
675,970.0,971.0,973.0,974.0,3.0,3.0,False,True,True,True,Fig_9/real_baseline_trace_results.csv
676,365.0,366.0,369.0,370.0,4.0,4.0,False,True,True,True,Fig_9/real_baseline_trace_results.csv
677,563.0,564.0,565.0,566.0,2.0,2.0,True,True,True,True,Fig_9/real_baseline_trace_results.csv
678,167.0,168.0,170.0,171.0,3.0,3.0,False,True,True,True,Fig_9/real_baseline_trace_results.csv
679,489.0,490.0,491.0,492.0,2.0,2.0,True,True,True,True,Fig_9/real_baseline_trace_results.csv
680,659.0,660.0,662.0,663.0,3.0,3.0,False,True,True,True,Fig_9/real_baseline_trace_results.csv
681,375.0,376.0,378.0,379.0,3.0,3.0,False,True,True,True,Fig_9/real_baseline_trace_results.csv
682,747.0,748.0,750.0,751.0,3.0,3.0,False,True,True,True,Fig_9/real_baseline_trace_results.csv
683,986.0,987.0,586.0,587.0,-400.0,400.0,False,False,False,True,Fig_9/real_baseline_trace_results.csv
684,963.0,964.0,562.0,563.0,-401.0,401.0,False,False,False,True,Fig_9/real_baseline_trace_results.csv
685,915.0,916.0,515.0,516.0,-400.0,400.0,False,False,False,True,Fig_9/real_baseline_trace_results.csv
686,273.0,274.0,277.0,278.0,4.0,4.0,False,True,True,True,Fig_9/real_baseline_trace_results.csv
687,854.0,855.0,453.0,454.0,-401.0,401.0,False,False,False,True,Fig_9/real_baseline_trace_results.csv
688,495.0,496.0,248.0,249.0,-247.0,247.0,False,False,False,True,Fig_9/real_baseline_trace_results.csv
689,380.0,381.0,220.0,221.0,-160.0,160.0,False,False,False,True,Fig_9/real_baseline_trace_results.csv
690,883.0,884.0,483.0,484.0,-400.0,400.0,False,False,False,True,Fig_9/real_baseline_trace_results.csv
691,178.0,179.0,182.0,183.0,4.0,4.0,False,True,True,True,Fig_9/real_baseline_trace_results.csv
692,679.0,680.0,281.0,282.0,-398.0,398.0,False,False,False,True,Fig_9/real_baseline_trace_results.csv
693,753.0,754.0,359.0,360.0,-394.0,394.0,False,False,False,True,Fig_9/real_baseline_trace_results.csv
694,693.0,694.0,298.0,299.0,-395.0,395.0,False,False,False,True,Fig_9/real_baseline_trace_results.csv
695,677.0,678.0,282.0,283.0,-395.0,395.0,False,False,False,True,Fig_9/real_baseline_trace_results.csv
696,381.0,382.0,386.0,387.0,5.0,5.0,False,True,True,True,Fig_9/real_baseline_trace_results.csv
697,54.0,55.0,673.0,674.0,619.0,619.0,False,False,False,True,Fig_9/real_baseline_trace_results.csv
698,819.0,820.0,421.0,422.0,-398.0,398.0,False,False,False,True,Fig_9/real_baseline_trace_results.csv
699,494.0,495.0,250.0,251.0,-244.0,244.0,False,False,False,True,Fig_9/real_baseline_trace_results.csv
700,545.0,546.0,154.0,155.0,-391.0,391.0,False,False,False,True,Fig_9/real_baseline_trace_results.csv
701,453.0,454.0,456.0,457.0,3.0,3.0,False,True,True,True,Fig_9/real_baseline_trace_results.csv
702,49.0,50.0,666.0,667.0,617.0,617.0,False,False,False,True,Fig_9/real_baseline_trace_results.csv
703,260.0,261.0,264.0,265.0,4.0,4.0,False,True,True,True,Fig_9/real_baseline_trace_results.csv
704,394.0,395.0,146.0,147.0,-248.0,248.0,False,False,False,True,Fig_9/real_baseline_trace_results.csv
705,956.0,957.0,555.0,556.0,-401.0,401.0,False,False,False,True,Fig_9/real_baseline_trace_results.csv
706,417.0,418.0,170.0,171.0,-247.0,247.0,False,False,False,True,Fig_9/real_baseline_trace_results.csv
707,754.0,755.0,353.0,354.0,-401.0,401.0,False,False,False,True,Fig_9/real_baseline_trace_results.csv
708,293.0,294.0,185.0,186.0,-108.0,108.0,False,False,False,True,Fig_9/real_baseline_trace_results.csv
709,30.0,31.0,178.0,179.0,148.0,148.0,False,False,False,True,Fig_9/real_baseline_trace_results.csv
710,397.0,398.0,169.0,170.0,-228.0,228.0,False,False,False,True,Fig_9/real_baseline_trace_results.csv
711,433.0,434.0,199.0,200.0,-234.0,234.0,False,False,False,True,Fig_9/real_baseline_trace_results.csv
712,338.0,339.0,228.0,229.0,-110.0,110.0,False,False,False,True,Fig_9/real_baseline_trace_results.csv
713,305.0,306.0,196.0,197.0,-109.0,109.0,False,False,False,True,Fig_9/real_baseline_trace_results.csv
714,264.0,265.0,154.0,155.0,-110.0,110.0,False,False,False,True,Fig_9/real_baseline_trace_results.csv
715,,,,,,,False,False,False,False,Fig_9/real_baseline_trace_results.csv
716,169.0,170.0,181.0,182.0,12.0,12.0,False,False,False,True,Fig_9/real_baseline_trace_results.csv
717,151.0,152.0,159.0,160.0,8.0,8.0,False,False,True,True,Fig_9/real_baseline_trace_results.csv
718,458.0,459.0,233.0,234.0,-225.0,225.0,False,False,False,True,Fig_9/real_baseline_trace_results.csv
719,159.0,160.0,170.0,171.0,11.0,11.0,False,False,False,True,Fig_9/real_baseline_trace_results.csv
720,352.0,353.0,362.0,363.0,10.0,10.0,False,False,True,True,Fig_9/real_baseline_trace_results.csv
721,63.0,64.0,214.0,215.0,151.0,151.0,False,False,False,True,Fig_9/real_baseline_trace_results.csv
722,195.0,196.0,206.0,207.0,11.0,11.0,False,False,False,True,Fig_9/real_baseline_trace_results.csv
723,25.0,26.0,173.0,174.0,148.0,148.0,False,False,False,True,Fig_9/real_baseline_trace_results.csv
724,78.0,79.0,224.0,225.0,146.0,146.0,False,False,False,True,Fig_9/real_baseline_trace_results.csv
725,362.0,363.0,136.0,137.0,-226.0,226.0,False,False,False,True,Fig_9/real_baseline_trace_results.csv
726,180.0,181.0,188.0,189.0,8.0,8.0,False,False,True,True,Fig_9/real_baseline_trace_results.csv
727,247.0,248.0,139.0,140.0,-108.0,108.0,False,False,False,True,Fig_9/real_baseline_trace_results.csv
728,73.0,74.0,225.0,226.0,152.0,152.0,False,False,False,True,Fig_9/real_baseline_trace_results.csv
729,213.0,214.0,215.0,216.0,2.0,2.0,True,True,True,True,Fig_9/real_baseline_trace_results.csv
730,423.0,424.0,424.0,425.0,1.0,1.0,True,True,True,True,Fig_9/real_baseline_trace_results.csv
731,70.0,71.0,224.0,225.0,154.0,154.0,False,False,False,True,Fig_9/real_baseline_trace_results.csv
732,156.0,157.0,158.0,159.0,2.0,2.0,True,True,True,True,Fig_9/real_baseline_trace_results.csv
733,17.0,18.0,169.0,170.0,152.0,152.0,False,False,False,True,Fig_9/real_baseline_trace_results.csv
734,155.0,156.0,156.0,157.0,1.0,1.0,True,True,True,True,Fig_9/real_baseline_trace_results.csv
735,55.0,56.0,199.0,200.0,144.0,144.0,False,False,False,True,Fig_9/real_baseline_trace_results.csv
736,49.0,50.0,374.0,375.0,325.0,325.0,False,False,False,True,Fig_9/real_baseline_trace_results.csv
737,128.0,129.0,129.0,130.0,1.0,1.0,True,True,True,True,Fig_9/real_baseline_trace_results.csv
738,62.0,63.0,218.0,219.0,156.0,156.0,False,False,False,True,Fig_9/real_baseline_trace_results.csv
739,110.0,111.0,270.0,271.0,160.0,160.0,False,False,False,True,Fig_9/real_baseline_trace_results.csv
740,405.0,406.0,408.0,409.0,3.0,3.0,False,True,True,True,Fig_9/real_baseline_trace_results.csv
741,34.0,35.0,190.0,191.0,156.0,156.0,False,False,False,True,Fig_9/real_baseline_trace_results.csv
742,,,,,,,False,False,False,False,Fig_9/real_baseline_trace_results.csv
743,117.0,118.0,122.0,123.0,5.0,5.0,False,True,True,True,Fig_9/real_baseline_trace_results.csv
744,320.0,321.0,323.0,324.0,3.0,3.0,False,True,True,True,Fig_9/real_baseline_trace_results.csv
745,89.0,90.0,415.0,416.0,326.0,326.0,False,False,False,True,Fig_9/real_baseline_trace_results.csv
746,207.0,208.0,210.0,211.0,3.0,3.0,False,True,True,True,Fig_9/real_baseline_trace_results.csv
747,214.0,215.0,219.0,220.0,5.0,5.0,False,True,True,True,Fig_9/real_baseline_trace_results.csv
748,457.0,458.0,460.0,461.0,3.0,3.0,False,True,True,True,Fig_9/real_baseline_trace_results.csv
749,435.0,436.0,436.0,437.0,1.0,1.0,True,True,True,True,Fig_9/real_baseline_trace_results.csv
750,90.0,91.0,424.0,425.0,334.0,334.0,False,False,False,True,Fig_9/real_baseline_trace_results.csv
751,197.0,198.0,202.0,203.0,5.0,5.0,False,True,True,True,Fig_9/real_baseline_trace_results.csv
752,11.0,12.0,340.0,341.0,329.0,329.0,False,False,False,True,Fig_9/real_baseline_trace_results.csv
753,98.0,99.0,245.0,246.0,147.0,147.0,False,False,False,True,Fig_9/real_baseline_trace_results.csv
754,89.0,90.0,520.0,521.0,431.0,431.0,False,False,False,True,Fig_9/real_baseline_trace_results.csv
755,,,,,,,False,False,False,False,Fig_9/real_baseline_trace_results.csv
756,317.0,318.0,209.0,210.0,-108.0,108.0,False,False,False,True,Fig_9/real_baseline_trace_results.csv
757,60.0,61.0,487.0,488.0,427.0,427.0,False,False,False,True,Fig_9/real_baseline_trace_results.csv
758,105.0,106.0,534.0,535.0,429.0,429.0,False,False,False,True,Fig_9/real_baseline_trace_results.csv
759,57.0,58.0,488.0,489.0,431.0,431.0,False,False,False,True,Fig_9/real_baseline_trace_results.csv
760,69.0,70.0,497.0,498.0,428.0,428.0,False,False,False,True,Fig_9/real_baseline_trace_results.csv
761,15.0,16.0,445.0,446.0,430.0,430.0,False,False,False,True,Fig_9/real_baseline_trace_results.csv
762,66.0,67.0,495.0,496.0,429.0,429.0,False,False,False,True,Fig_9/real_baseline_trace_results.csv
763,83.0,84.0,513.0,514.0,430.0,430.0,False,False,False,True,Fig_9/real_baseline_trace_results.csv
764,61.0,62.0,489.0,490.0,428.0,428.0,False,False,False,True,Fig_9/real_baseline_trace_results.csv
765,48.0,49.0,476.0,477.0,428.0,428.0,False,False,False,True,Fig_9/real_baseline_trace_results.csv
766,16.0,17.0,444.0,445.0,428.0,428.0,False,False,False,True,Fig_9/real_baseline_trace_results.csv
767,386.0,387.0,157.0,158.0,-229.0,229.0,False,False,False,True,Fig_9/real_baseline_trace_results.csv
768,99.0,100.0,529.0,530.0,430.0,430.0,False,False,False,True,Fig_9/real_baseline_trace_results.csv
769,109.0,110.0,527.0,528.0,418.0,418.0,False,False,False,True,Fig_9/real_baseline_trace_results.csv
770,28.0,29.0,455.0,456.0,427.0,427.0,False,False,False,True,Fig_9/real_baseline_trace_results.csv
771,62.0,63.0,497.0,498.0,435.0,435.0,False,False,False,True,Fig_9/real_baseline_trace_results.csv
772,84.0,85.0,525.0,526.0,441.0,441.0,False,False,False,True,Fig_9/real_baseline_trace_results.csv
773,4.0,5.0,437.0,438.0,433.0,433.0,False,False,False,True,Fig_9/real_baseline_trace_results.csv
774,91.0,92.0,524.0,525.0,433.0,433.0,False,False,False,True,Fig_9/real_baseline_trace_results.csv
775,31.0,32.0,461.0,462.0,430.0,430.0,False,False,False,True,Fig_9/real_baseline_trace_results.csv
776,39.0,40.0,471.0,472.0,432.0,432.0,False,False,False,True,Fig_9/real_baseline_trace_results.csv
777,29.0,30.0,459.0,460.0,430.0,430.0,False,False,False,True,Fig_9/real_baseline_trace_results.csv
778,41.0,42.0,469.0,470.0,428.0,428.0,False,False,False,True,Fig_9/real_baseline_trace_results.csv
779,91.0,92.0,119.0,120.0,28.0,28.0,False,False,False,True,Fig_9/real_baseline_trace_results.csv
780,34.0,35.0,463.0,464.0,429.0,429.0,False,False,False,True,Fig_9/real_baseline_trace_results.csv
781,114.0,115.0,126.0,127.0,12.0,12.0,False,False,False,True,Fig_9/real_baseline_trace_results.csv
782,612.0,613.0,620.0,621.0,8.0,8.0,False,False,True,True,Fig_9/real_baseline_trace_results.csv
783,828.0,829.0,320.0,321.0,-508.0,508.0,False,False,False,True,Fig_9/real_baseline_trace_results.csv
784,594.0,595.0,604.0,605.0,10.0,10.0,False,False,True,True,Fig_9/real_baseline_trace_results.csv
785,964.0,965.0,458.0,459.0,-506.0,506.0,False,False,False,True,Fig_9/real_baseline_trace_results.csv
786,919.0,920.0,934.0,935.0,15.0,15.0,False,False,False,True,Fig_9/real_baseline_trace_results.csv
787,638.0,639.0,648.0,649.0,10.0,10.0,False,False,True,True,Fig_9/real_baseline_trace_results.csv
788,915.0,916.0,927.0,928.0,12.0,12.0,False,False,False,True,Fig_9/real_baseline_trace_results.csv
789,921.0,922.0,408.0,409.0,-513.0,513.0,False,False,False,True,Fig_9/real_baseline_trace_results.csv
790,687.0,688.0,172.0,173.0,-515.0,515.0,False,False,False,True,Fig_9/real_baseline_trace_results.csv
791,947.0,948.0,953.0,954.0,6.0,6.0,False,False,True,True,Fig_9/real_baseline_trace_results.csv
792,562.0,563.0,569.0,570.0,7.0,7.0,False,False,True,True,Fig_9/real_baseline_trace_results.csv
793,689.0,690.0,696.0,697.0,7.0,7.0,False,False,True,True,Fig_9/real_baseline_trace_results.csv
794,815.0,816.0,822.0,823.0,7.0,7.0,False,False,True,True,Fig_9/real_baseline_trace_results.csv
795,799.0,800.0,807.0,808.0,8.0,8.0,False,False,True,True,Fig_9/real_baseline_trace_results.csv
796,910.0,911.0,406.0,407.0,-504.0,504.0,False,False,False,True,Fig_9/real_baseline_trace_results.csv
797,209.0,210.0,290.0,291.0,81.0,81.0,False,False,False,True,Fig_9/real_baseline_trace_results.csv
798,775.0,776.0,915.0,916.0,140.0,140.0,False,False,False,True,Fig_9/real_baseline_trace_results.csv
799,138.0,139.0,215.0,216.0,77.0,77.0,False,False,False,True,Fig_9/real_baseline_trace_results.csv
800,486.0,487.0,119.0,120.0,-367.0,367.0,False,False,False,True,Fig_9/real_baseline_trace_results.csv
801,45.0,46.0,,,,,False,False,False,False,Fig_9/real_baseline_trace_results.csv
802,489.0,490.0,119.0,120.0,-370.0,370.0,False,False,False,True,Fig_9/real_baseline_trace_results.csv
803,541.0,542.0,119.0,120.0,-422.0,422.0,False,False,False,True,Fig_9/real_baseline_trace_results.csv
804,426.0,427.0,119.0,120.0,-307.0,307.0,False,False,False,True,Fig_9/real_baseline_trace_results.csv
805,617.0,618.0,119.0,120.0,-498.0,498.0,False,False,False,True,Fig_9/real_baseline_trace_results.csv
806,750.0,751.0,119.0,120.0,-631.0,631.0,False,False,False,True,Fig_9/real_baseline_trace_results.csv
807,52.0,53.0,,,,,False,False,False,False,Fig_9/real_baseline_trace_results.csv
808,454.0,455.0,119.0,120.0,-335.0,335.0,False,False,False,True,Fig_9/real_baseline_trace_results.csv
809,711.0,712.0,852.0,853.0,141.0,141.0,False,False,False,True,Fig_9/real_baseline_trace_results.csv
810,614.0,615.0,119.0,120.0,-495.0,495.0,False,False,False,True,Fig_9/real_baseline_trace_results.csv
811,657.0,658.0,119.0,120.0,-538.0,538.0,False,False,False,True,Fig_9/real_baseline_trace_results.csv
812,730.0,731.0,119.0,120.0,-611.0,611.0,False,False,False,True,Fig_9/real_baseline_trace_results.csv
813,57.0,58.0,,,,,False,False,False,False,Fig_9/real_baseline_trace_results.csv
814,448.0,449.0,119.0,120.0,-329.0,329.0,False,False,False,True,Fig_9/real_baseline_trace_results.csv
815,11.0,12.0,,,,,False,False,False,False,Fig_9/real_baseline_trace_results.csv
816,646.0,647.0,119.0,120.0,-527.0,527.0,False,False,False,True,Fig_9/real_baseline_trace_results.csv
